Det,AFPC Comments,LastName,FirstName,MI,SSN,DOB,DOC,AFSC,Branch
237,,SMITH,JAMES,A,657032498,14/03/1982,21/06/2004,13S1,USSF
812,,JOHNSON,MARY,B,629262327,22/11/1978,14/09/2001,11F3,USAF
445,,WILLIAMS,ROBERT,C,681325884,5/5/1990,11/12/2012,17D1,USAF
109,,BROWN,PATRICIA,D,937957604,18/08/1985,3/2/2008,13S3,USSF
318,,JONES,JOHN,E,988041510,30/01/1979,25/07/2001,14N1,USAF
901,,GARCIA,JENNIFER,F,924934462,12/10/1993,19/04/2015,62E1S,USAF
512,,MILLER,MICHAEL,G,162821252,4/4/1988,8/11/2010,21A1,USAF
783,,DAVIS,LINDA,H,548928024,15/07/1981,29/03/2003,5C0X1,USSF
045,,RODRIGUEZ,DAVID,I,133666199,27/12/1987,14/05/2010,11M3,USAF
612,,MARTINEZ,ELIZABETH,J,232183049,9/9/1991,22/01/2014,32E1S,USAF
114,,HERNANDEZ,WILLIAM,K,186614110,20/03/1984,10/6/2006,13S1,USSF
389,,LOPEZ,BARBARA,L,185728737,11/11/1976,4/8/1999,12R3,USAF
821,,GONZALEZ,RICHARD,M,285693368,2/6/1989,17/02/2011,17S1,USAF
004,,WILSON,SUSAN,N,814232894,25/02/1983,11/7/2005,14N1S,USSF
290,,ANDERSON,JOSEPH,O,816805725,18/05/1992,5/10/2014,31P1,USAF
712,,THOMAS,JESSICA,P,630533910,1/1/1980,12/3/2002,63A1,USAF
840,,TAYLOR,THOMAS,Q,494633060,23/09/1986,28/04/2009,1A0X1,USAF
652,,MOORE,SARAH,R,658647556,14/04/1995,9/11/2017,17D1S,USSF
510,,JACKSON,CHARLES,S,548913456,6/8/1977,22/01/2000,1C0X2,USAF
309,,MARTIN,KAREN,T,415495098,28/11/1990,14/06/2013,3D0X2,USAF
412,,LEE,CHRISTOPHER,U,868137691,19/02/1984,1/5/2006,13S1,USSF
115,,PEREZ,NANCY,V,957358198,31/07/1989,24/12/2011,11F3,USAF
890,,THOMPSON,DANIEL,W,166296994,12/5/1981,9/9/2003,17D1,USAF
023,,WHITE,LISA,X,219950963,22/10/1994,15/04/2017,62E1S,USSF
618,,HARRIS,MATTHEW,Y,032050584,5/1/1975,19/06/1997,14N1,USAF
402,,SANCHEZ,BETTY,Z,357882583,14/03/1988,27/08/2010,62E1S,USAF
721,,CLARK,ANTHONY,A,447780292,26/09/1982,11/2/2005,63A1,USAF
103,,RAMIREZ,MARGARET,B,166858634,8/4/1991,20/10/2013,13S3,USSF
912,,LEWIS,MARK,C,620953815,19/07/1986,2/1/2009,21A1,USAF
345,,ROBINSON,SANDRA,D,033278870,31/12/1979,15/05/2002,32E1S,USAF
819,,WALKER,DONALD,E,231226493,11/2/1985,25/06/2007,13S1,USSF
112,,YOUNG,ASHLEY,F,683070702,22/05/1993,8/11/2015,11M3,USAF
543,,ALLEN,PAUL,G,705374994,3/9/1980,14/04/2002,17S1,USAF
604,,KING,KIMBERLY,H,789136743,15/12/1987,30/05/2010,5C0X1,USSF
219,,WRIGHT,STEVEN,I,938980249,27/04/1976,12/10/1998,14N1,USAF
045,,SCOTT,DONNA,J,993373434,8/8/1991,21/01/2014,31P1,USAF
781,,TORRES,ANDREW,K,684069375,19/01/1984,4/7/2006,63A1,USAF
132,,NGUYEN,EMILY,L,168527202,31/10/1989,15/03/2012,17D1S,USSF
812,,HILL,KENNETH,M,345030451,12/3/1982,28/08/2004,1A0X1,USAF
309,,FLORES,MICHELLE,N,491606089,24/06/1995,10/11/2017,1C0X2,USAF
119,,GREEN,JOSHUA,O,750030729,5/11/1978,19/04/2001,13S1,USSF
921,,ADAMS,CAROL,P,240926421,17/02/1985,3/8/2007,3D0X2,USAF
561,,NELSON,KEVIN,Q,508732900,28/05/1990,12/11/2012,11F3,USAF
334,,BAKER,AMANDA,R,402863526,9/9/1981,25/02/2004,62E1S,USSF
711,,HALL,BRIAN,S,594227455,21/12/1992,5/6/2015,17D1,USAF
089,,RIVERA,MELISSA,T,598837758,2/4/1983,18/09/2005,14N1,USAF
432,,CAMPBELL,GEORGE,U,140335006,14/07/1988,29/12/2010,62E1S,USAF
518,,MITCHELL,DEBORAH,V,799152473,26/10/1994,11/3/2017,13S3,USSF
901,,CARTER,EDWARD,W,260295707,7/2/1977,23/07/1999,21A1,USAF
312,,ROBERTS,STEPHANIE,X,504762880,19/05/1991,4/11/2013,32E1S,USAF
111,,GOMEZ,RONALD,Y,827242672,30/08/1986,13/02/2009,13S1,USSF
812,,PHILLIPS,REBECCA,Z,996354125,11/12/1979,27/05/2002,11M3,USAF
604,,EVANS,TIMOTHY,A,389651017,23/03/1993,8/9/2015,17S1,USAF
201,,DIAZ,SHARON,B,558462344,4/7/1980,18/12/2002,5C0X1,USSF
712,,HOWARD,JASON,C,727924790,16/10/1985,2/4/2008,14N1,USAF
389,,WEST,LAURA,D,595734931,28/01/1992,15/07/2014,31P1,USAF
921,,JORDAN,JEFFREY,E,636067506,10/5/1983,24/10/2005,63A1,USAF
510,,OWENS,CYNTHIA,F,98056794,22/08/1994,6/2/2017,17D1S,USSF
114,,REYNOLDS,RYAN,G,047763770,3/12/1975,19/05/1998,1A0X1,USAF
815,,FISHER,KATHLEEN,H,079904027,15/03/1988,31/08/2010,1C0X2,USAF
304,,ELLIS,JACOB,I,582820559,27/06/1981,12/12/2003,13S1,USSF
927,,HARRISON,AMY,J,944409326,8/10/1992,25/03/2015,3D0X2,USAF
412,,GIBSON,GARY,K,582067166,20/01/1987,7/7/2009,11F3,USAF
119,,MCDONALD,SHIRLEY,L,871285909,1/5/1984,17/10/2006,62E1S,USSF
890,,CRUZ,NICHOLAS,M,626353128,13/08/1995,29/01/2018,17D1,USAF
512,,MARSHALL,ANGELA,N,590693912,25/11/1976,12/5/1999,14N1,USAF
203,,ORTIZ,ERIC,O,450588109,7/3/1989,23/08/2011,62E1S,USAF
712,,MURRAY,HELEN,P,291627686,19/06/1980,4/12/2002,13S3,USSF
389,,FREEMAN,JONATHAN,Q,921758180,1/10/1991,18/03/2014,21A1,USAF
921,,WELLS,ANNA,R,674519518,13/01/1986,29/06/2008,32E1S,USAF
510,,WEBB,STEPHEN,S,987951752,25/04/1993,10/10/2015,13S1,USSF
114,,SIMPSON,BRENDA,T,397693483,7/8/1984,23/01/2007,11M3,USAF
815,,STEVENS,LARRY,U,173751691,19/11/1975,6/5/1998,17S1,USAF
304,,TUCKER,PAMELA,V,199852408,1/3/1989,17/08/2011,5C0X1,USSF
927,,PORTER,JUSTIN,W,172827735,13/06/1982,29/11/2004,14N1,USAF
412,,HUNTER,NICOLE,X,504166133,25/09/1995,12/3/2018,31P1,USAF
119,,HICKS,BENJAMIN,Y,161073906,7/1/1987,23/06/2009,63A1,USAF
890,,CRAWFORD,SAMANTHA,Z,145694707,19/04/1994,4/10/2016,17D1S,USSF
512,,BOYD,SAMUEL,A,030095809,1/8/1979,17/01/2002,1A0X1,USAF
203,,MASON,KATHERINE,B,108001802,13/11/1990,30/04/2013,1C0X2,USAF
712,,BURNS,GREGORY,C,457147803,25/02/1985,12/8/2007,13S1,USSF
389,,GARDNER,EMMA,D,778863631,9/6/1992,24/11/2014,3D0X2,USAF
921,,PAYNE,ALEXANDER,E,135314500,21/09/1983,8/3/2006,11F3,USAF
510,,PALMER,RUTH,F,102105791,3/1/1995,20/06/2017,62E1S,USSF
114,,STONE,FRANK,G,973121979,15/04/1976,1/10/1998,17D1,USAF
815,,NICHOLS,CHRISTINE,H,349716245,27/07/1989,12/1/2012,14N1,USAF
304,,WARREN,PATRICK,I,980911340,8/11/1980,25/04/2003,62E1S,USAF
927,,STEWART,DEBRA,J,487317160,20/02/1993,7/8/2015,13S3,USSF
412,,MORRISON,RAYMOND,K,546331271,4/6/1984,20/11/2006,21A1,USAF
119,,SMITH,RACHEL,L,378937285,16/09/1987,3/3/2010,32E1S,USAF
890,,JOHNSON,JACK,M,550566686,28/12/1994,15/06/2017,13S1,USSF
512,,WILLIAMS,CAROLYN,N,926652754,11/4/1979,27/09/2001,11M3,USAF
203,,BROWN,DENNIS,O,565880313,23/07/1988,8/1/2011,17S1,USAF
712,,JONES,JANET,P,812468173,4/11/1981,21/04/2004,5C0X1,USSF
389,,GARCIA,JERRY,Q,787276021,16/02/1990,4/8/2012,14N1,USAF
921,,MILLER,MARIA,R,687635289,28/05/1983,13/11/2005,31P1,USAF
510,,DAVIS,TYLER,S,803491617,9/9/1992,25/02/2015,63A1,USAF
114,,RODRIGUEZ,HEATHER,T,642509125,21/12/1986,8/6/2009,17D1S,USSF
815,,MARTINEZ,AARON,U,029090366,3/4/1978,19/09/2000,1A0X1,USAF
304,,HERNANDEZ,HELENA,V,999472571,15/07/1989,31/12/2011,1C0X2,USAF
927,,LOPEZ,JAMES,W,890133218,27/10/1980,14/04/2003,13S1,USSF
412,,GONZALEZ,MARY,X,001658718,8/2/1995,26/07/2017,3D0X2,USAF
119,,WILSON,ROBERT,Y,305727959,20/05/1976,5/11/1998,11F3,USAF
890,,ANDERSON,PATRICIA,Z,199129033,1/9/1989,17/02/2012,62E1S,USSF
512,,THOMAS,JOHN,A,460288488,13/12/1982,30/05/2005,17D1,USAF
203,,TAYLOR,JENNIFER,B,681153614,25/03/1991,10/9/2013,14N1,USAF
712,,MOORE,MICHAEL,C,401873614,6/7/1984,22/12/2006,62E1S,USAF
389,,JACKSON,LINDA,D,32229789,18/10/1995,5/4/2018,13S3,USSF
921,,MARTIN,DAVID,E,800692708,30/01/1977,17/07/1999,21A1,USAF
510,,LEE,ELIZABETH,F,078589451,11/5/1990,27/10/2012,32E1S,USAF
114,,PEREZ,WILLIAM,G,976114421,23/08/1981,8/2/2004,13S1,USSF
815,,THOMPSON,BARBARA,H,650110380,4/12/1992,22/05/2015,11M3,USAF
304,,WHITE,RICHARD,I,386476566,16/03/1986,1/9/2008,17S1,USAF
927,,HARRIS,SUSAN,J,22698489,28/06/1977,13/12/1999,5C0X1,USSF
412,,SANCHEZ,JOSEPH,K,779693968,9/10/1990,27/03/2013,14N1,USAF
119,,CLARK,JESSICA,L,790450121,21/01/1982,8/7/2004,31P1,USAF
890,,RAMIREZ,THOMAS,M,161245395,3/5/1993,19/10/2015,63A1,USAF
512,,LEWIS,SARAH,N,620173573,15/08/1984,1/2/2007,17D1S,USSF
203,,ROBINSON,CHARLES,O,477139145,27/11/1975,15/05/1998,1A0X1,USAF
712,,WALKER,KAREN,P,144994706,9/3/1987,25/08/2009,1C0X2,USAF
389,,YOUNG,CHRISTOPHER,Q,753484884,21/06/1980,7/12/2002,13S1,USSF
921,,ALLEN,NANCY,R,152347225,3/10/1991,21/03/2014,3D0X2,USAF
510,,KING,DANIEL,S,557670418,15/01/1985,2/7/2007,11F3,USAF
114,,WRIGHT,LISA,T,274388534,27/04/1994,13/10/2016,62E1S,USSF
815,,SCOTT,MATTHEW,U,224882499,9/8/1976,24/01/1999,17D1,USAF
304,,TORRES,BETTY,V,667059296,21/11/1988,9/5/2011,14N1,USAF
927,,NGUYEN,ANTHONY,W,469958100,3/3/1982,19/08/2004,62E1S,USAF
412,,HILL,MARGARET,X,628545956,15/06/1993,1/12/2015,13S3,USSF
119,,FLORES,MARK,Y,487343333,27/09/1977,15/03/2000,21A1,USAF
890,,GREEN,SANDRA,Z,695389576,9/1/1990,27/06/2012,32E1S,USAF
512,,ADAMS,DONALD,A,522571217,21/04/1981,7/10/2003,13S1,USSF
203,,NELSON,ASHLEY,B,494888289,3/8/1992,20/01/2015,11M3,USAF
712,,BAKER,PAUL,C,023503645,15/11/1983,2/5/2006,17S1,USAF
389,,HALL,KIMBERLY,D,16149962,27/02/1985,15/08/2007,5C0X1,USSF
921,,RIVERA,STEVEN,E,871533349,9/6/1976,25/11/1998,14N1,USAF
510,,CAMPBELL,DONNA,F,019337707,21/09/1987,9/3/2010,31P1,USAF
114,,MITCHELL,ANDREW,G,153888925,3/1/1982,20/06/2004,63A1,USAF
815,,CARTER,EMILY,H,619238016,15/04/1993,1/10/2015,17D1S,USSF
304,,ROBERTS,KENNETH,I,466642900,27/07/1978,12/1/2001,1A0X1,USAF
927,,GOMEZ,MICHELLE,J,531952332,9/11/1989,27/04/2012,1C0X2,USAF
412,,PHILLIPS,JOSHUA,K,264446382,21/02/1984,9/8/2006,13S1,USSF
119,,EVANS,CAROL,L,358844816,3/6/1995,20/11/2017,3D0X2,USAF
890,,DIAZ,KEVIN,M,859738142,15/09/1976,3/3/1999,11F3,USAF
512,,HOWARD,AMANDA,N,150540032,27/12/1987,14/06/2010,62E1S,USSF
203,,WEST,BRIAN,O,558713966,9/4/1981,25/09/2003,17D1,USAF
712,,JORDAN,MELISSA,P,466264878,21/07/1992,6/1/2015,14N1,USAF
389,,OWENS,GEORGE,Q,187823664,3/11/1983,21/04/2006,62E1S,USAF
921,,REYNOLDS,DEBORAH,R,156285535,15/02/1995,3/8/2017,13S3,USSF
510,,FISHER,EDWARD,S,483025091,27/05/1976,12/11/1998,21A1,USAF
114,,ELLIS,STEPHANIE,T,295792289,9/9/1989,25/02/2012,32E1S,USAF
815,,HARRISON,RONALD,U,426290331,21/12/1980,8/6/2003,13S1,USSF
304,,GIBSON,REBECCA,V,282431682,2/4/1992,18/09/2014,11M3,USAF
927,,MCDONALD,TIMOTHY,W,204722360,14/07/1983,30/12/2005,17S1,USAF
412,,CRUZ,SHARON,X,325422275,26/10/1994,13/04/2017,5C0X1,USSF
119,,MARSHALL,JASON,Y,601985516,8/2/1979,25/07/2001,14N1,USAF
890,,ORTIZ,LAURA,Z,325176435,20/05/1990,5/11/2012,31P1,USAF
512,,MURRAY,JEFFREY,A,661471044,1/9/1981,18/02/2004,63A1,USAF
203,,FREEMAN,CYNTHIA,B,50118987,13/12/1992,30/05/2015,17D1S,USSF
712,,WELLS,RYAN,C,749516055,25/03/1984,10/9/2006,1A0X1,USAF
389,,WEBB,KATHLEEN,D,002701084,6/7/1995,22/12/2017,1C0X2,USAF
921,,SIMPSON,JACOB,E,680114777,18/10/1976,5/4/1999,13S1,USSF
510,,STEVENS,AMY,F,210362899,30/01/1989,18/07/2011,3D0X2,USAF
114,,TUCKER,GARY,G,777373275,11/5/1980,27/10/2002,11F3,USAF
815,,PORTER,SHIRLEY,H,125287893,23/08/1991,8/2/2014,62E1S,USSF
304,,HUNTER,NICHOLAS,I,166062934,4/12/1982,22/05/2005,17D1,USAF
927,,HICKS,ANGELA,J,537877017,16/03/1994,1/9/2016,14N1,USAF
412,,CRAWFORD,ERIC,K,391158790,28/06/1985,14/12/2007,62E1S,USAF
119,,BOYD,HELEN,L,593107096,9/10/1990,27/03/2013,13S3,USSF
890,,MASON,JONATHAN,M,129740195,21/01/1977,9/7/1999,21A1,USAF
512,,BURNS,ANNA,N,893440224,3/5/1988,19/10/2010,32E1S,USAF
203,,GARDNER,STEPHEN,O,981753261,15/08/1982,1/2/2005,13S1,USSF
712,,PAYNE,BRENDA,P,891868394,27/11/1993,15/05/2016,11M3,USAF
389,,PALMER,LARRY,Q,327564022,9/3/1984,25/08/2006,17S1,USAF
921,,STONE,PAMELA,R,542212212,21/06/1989,7/12/2011,5C0X1,USSF
510,,NICHOLS,JUSTIN,S,194262485,3/10/1976,21/03/1999,14N1,USAF
114,,WARREN,NICOLE,T,413695440,15/01/1991,2/7/2013,31P1,USAF
815,,STEWART,BENJAMIN,U,871758997,27/04/1982,13/10/2004,63A1,USAF
304,,MORRISON,SAMANTHA,V,977327601,9/8/1993,25/01/2016,17D1S,USSF
927,,SMITH,SAMUEL,W,894000564,21/11/1984,9/5/2007,1A0X1,USAF
412,,JOHNSON,KATHERINE,X,538915744,3/3/1995,19/08/2017,1C0X2,USAF
119,,WILLIAMS,GREGORY,Y,956190562,15/06/1979,1/12/2001,13S1,USSF
890,,BROWN,EMMA,Z,799340673,27/09/1990,15/03/2013,3D0X2,USAF
512,,JONES,ALEXANDER,A,565440874,9/1/1981,27/06/2003,11F3,USAF
203,,GARCIA,RUTH,B,238272515,21/04/1992,7/10/2014,62E1S,USSF
712,,MILLER,FRANK,C,496983572,3/8/1983,20/01/2006,17D1,USAF
389,,DAVIS,CHRISTINE,D,975257623,15/11/1994,2/5/2017,14N1,USAF
921,,RODRIGUEZ,PATRICK,E,760918497,27/02/1985,15/08/2007,62E1S,USAF
510,,MARTINEZ,DEBRA,F,728286720,9/6/1991,26/11/2013,13S3,USSF
114,,HERNANDEZ,RAYMOND,G,163058306,21/09/1976,10/3/1999,21A1,USAF
815,,LOPEZ,RACHEL,H,378720466,3/1/1988,20/06/2010,32E1S,USAF
304,,GONZALEZ,JACK,I,597371027,15/04/1982,1/10/2004,13S1,USSF
927,,WILSON,CAROLYN,J,290005557,27/07/1993,12/1/2016,11M3,USAF
412,,ANDERSON,DENNIS,K,117757179,8/11/1980,26/04/2002,17S1,USAF
119,,THOMAS,JANET,L,166287581,20/02/1995,8/8/2017,5C0X1,USSF
890,,TAYLOR,JERRY,M,874124979,4/6/1977,20/11/1999,14N1,USAF
512,,MOORE,MARIA,N,827570099,16/09/1988,4/3/2011,31P1,USAF
203,,JACKSON,TYLER,O,980305745,28/12/1981,15/06/2004,63A1,USAF
712,,MARTIN,HEATHER,P,155275667,11/4/1993,27/09/2015,17D1S,USSF
389,,LEE,AARON,Q,128706478,23/07/1979,8/1/2002,1A0X1,USAF
921,,PEREZ,HELENA,R,120984479,4/11/1990,21/04/2013,1C0X2,USAF
510,,THOMPSON,JAMES,S,1378281,16/02/1985,4/8/2007,13S1,USSF
114,,WHITE,MARY,T,646829462,28/05/1991,13/11/2013,3D0X2,USAF
815,,HARRIS,ROBERT,U,618610086,9/9/1976,25/02/1999,11F3,USAF
304,,SANCHEZ,PATRICIA,V,548386106,21/12/1987,8/6/2010,62E1S,USSF
927,,CLARK,JOHN,W,697694809,3/4/1982,19/09/2004,17D1,USAF
412,,RAMIREZ,JENNIFER,X,496230051,15/07/1993,31/12/2015,14N1,USAF
119,,LEWIS,MICHAEL,Y,640423606,27/10/1978,14/04/2001,62E1S,USAF
890,,ROBINSON,LINDA,Z,597060860,8/2/1989,26/07/2011,13S3,USSF
512,,WALKER,DAVID,A,714166495,20/05/1983,5/11/2005,21A1,USAF
203,,YOUNG,ELIZABETH,B,923101375,1/9/1994,17/02/2017,32E1S,USAF
712,,ALLEN,WILLIAM,C,789683212,13/12/1975,30/05/1998,13S1,USSF
389,,KING,BARBARA,D,101024424,25/03/1987,10/9/2009,11M3,USAF
921,,WRIGHT,RICHARD,E,526026846,6/7/1981,22/12/2003,17S1,USAF
510,,SCOTT,SUSAN,F,291615351,18/10/1992,5/4/2015,5C0X1,USSF
114,,TORRES,JOSEPH,G,462567317,30/01/1986,18/07/2008,14N1,USAF
815,,NGUYEN,JESSICA,H,863753365,11/5/1991,27/10/2013,31P1,USAF
304,,HILL,THOMAS,I,573613107,23/08/1977,8/2/2000,63A1,USAF
927,,FLORES,SARAH,J,373135421,4/12/1988,22/05/2011,17D1S,USSF
412,,GREEN,CHARLES,K,422634022,16/03/1983,1/9/2005,1A0X1,USAF
119,,ADAMS,KAREN,L,211579782,28/06/1994,13/12/2016,1C0X2,USAF
890,,NELSON,CHRISTOPHER,M,392212532,9/10/1975,27/03/1998,13S1,USSF
512,,BAKER,NANCY,N,422885026,21/01/1989,9/7/2011,3D0X2,USAF
203,,HALL,DANIEL,O,971842353,3/5/1980,19/10/2002,11F3,USAF
712,,RIVERA,LISA,P,602602748,15/08/1991,1/2/2014,62E1S,USSF
389,,CAMPBELL,MATTHEW,Q,123094394,27/11/1985,15/05/2008,17D1,USAF
921,,MITCHELL,BETTY,R,459826759,9/3/1979,25/08/2001,14N1,USAF
510,,CARTER,ANTHONY,S,297493434,21/06/1990,7/12/2012,62E1S,USAF
114,,ROBERTS,MARGARET,T,793443196,3/10/1981,20/03/2004,13S3,USSF
815,,GOMEZ,MARK,U,333974821,15/01/1992,2/7/2014,21A1,USAF
304,,PHILLIPS,SANDRA,V,128939825,27/04/1983,13/10/2005,32E1S,USAF
927,,EVANS,DONALD,W,14295671,9/8/1994,25/01/2017,13S1,USSF
412,,DIAZ,ASHLEY,X,152053665,21/11/1978,9/5/2001,11M3,USAF
119,,HOWARD,PAUL,Y,112872966,3/3/1989,19/08/2011,17S1,USAF
890,,WEST,KIMBERLY,Z,386755611,15/06/1980,1/12/2002,5C0X1,USSF
512,,JORDAN,STEVEN,A,875893242,27/09/1991,15/03/2014,14N1,USAF
203,,OWENS,DONNA,B,454881626,9/1/1986,27/06/2008,31P1,USAF
712,,REYNOLDS,ANDREW,C,163611652,21/04/1977,7/10/1999,63A1,USAF
389,,FISHER,EMILY,D,827107333,3/8/1988,20/01/2011,17D1S,USSF
921,,ELLIS,KENNETH,E,933695007,15/11/1982,2/5/2005,1A0X1,USAF
510,,HARRISON,MICHELLE,F,550516058,27/02/1993,15/08/2015,1C0X2,USAF
114,,GIBSON,JOSHUA,G,946214459,9/6/1984,25/11/2006,13S1,USSF
815,,MCDONALD,CAROL,H,600890552,21/09/1975,9/3/1998,3D0X2,USAF
304,,CRUZ,KEVIN,I,249308089,3/1/1986,20/06/2008,11F3,USAF
927,,MARSHALL,AMANDA,J,297129352,15/04/1991,1/10/2013,62E1S,USSF
412,,ORTIZ,BRIAN,K,811134332,27/07/1982,12/1/2005,17D1,USAF
119,,MURRAY,MELISSA,L,982856225,8/11/1993,25/04/2016,14N1,USAF
890,,FREEMAN,GEORGE,M,891632227,20/02/1980,7/8/2002,62E1S,USAF
512,,WELLS,DEBORAH,N,649971211,4/6/1991,20/11/2013,13S3,USSF
203,,WEBB,EDWARD,O,083158617,16/09/1976,3/3/1999,21A1,USAF
712,,SIMPSON,STEPHANIE,P,119327345,28/12/1987,15/06/2010,32E1S,USAF
389,,STEVENS,RONALD,Q,532656436,11/4/1982,27/09/2004,13S1,USSF
921,,TUCKER,REBECCA,R,385389360,23/07/1993,8/1/2016,11M3,USAF
510,,PORTER,TIMOTHY,S,576268639,4/11/1984,21/04/2007,17S1,USAF
114,,HUNTER,SHARON,T,193033981,16/02/1995,4/8/2017,5C0X1,USSF
815,,HICKS,JASON,U,898849057,28/05/1979,13/11/2001,14N1,USAF
304,,CRAWFORD,LAURA,V,408579509,9/9/1990,25/02/2013,31P1,USAF
927,,BOYD,JEFFREY,W,794202615,21/12/1981,8/6/2004,63A1,USAF
412,,MASON,CYNTHIA,X,326217797,3/4/1992,19/09/2014,17D1S,USSF
119,,BURNS,RYAN,Y,699320090,15/07/1983,1/1/2006,1A0X1,USAF
890,,GARDNER,KATHLEEN,Z,165219794,27/10/1994,14/04/2017,1C0X2,USAF
512,,PAYNE,JACOB,A,576506253,8/2/1985,26/07/2007,13S1,USSF
203,,PALMER,AMY,B,456882050,20/05/1991,5/11/2013,3D0X2,USAF
712,,STONE,GARY,C,956934084,1/9/1976,18/02/1999,11F3,USAF
389,,NICHOLS,SHIRLEY,D,729935761,13/12/1987,30/05/2010,62E1S,USSF
921,,WARREN,NICHOLAS,E,072686845,25/03/1982,10/9/2004,17D1,USAF
510,,STEWART,ANGELA,F,359529296,6/7/1993,22/12/2015,14N1,USAF
114,,MORRISON,ERIC,G,355204932,18/10/1984,5/4/2007,62E1S,USAF
815,,SMITH,HELEN,H,939255504,30/01/1995,18/07/2017,13S3,USSF
304,,JOHNSON,JONATHAN,I,035600575,11/5/1979,27/10/2001,21A1,USAF
927,,WILLIAMS,ANNA,J,291604933,23/08/1990,8/2/2013,32E1S,USAF
412,,BROWN,STEPHEN,K,910953619,4/12/1981,22/05/2004,13S1,USSF
119,,JONES,BRENDA,L,110755991,16/03/1992,1/9/2014,11M3,USAF
890,,GARCIA,LARRY,M,542003443,28/06/1983,14/12/2005,17S1,USAF
512,,MILLER,PAMELA,N,756885499,9/10/1994,27/03/2017,5C0X1,USSF
203,,DAVIS,JUSTIN,O,452327627,21/01/1977,9/7/1999,14N1,USAF
712,,RODRIGUEZ,NICOLE,P,331528901,3/5/1988,19/10/2010,31P1,USAF
389,,MARTINEZ,BENJAMIN,Q,399104326,15/08/1982,1/2/2005,63A1,USAF
921,,HERNANDEZ,SAMANTHA,R,697282592,27/11/1993,15/05/2016,17D1S,USSF
510,,LOPEZ,SAMUEL,S,621684390,9/3/1980,25/08/2002,1A0X1,USAF
114,,GONZALEZ,KATHERINE,T,847091944,21/06/1991,7/12/2013,1C0X2,USAF
815,,WILSON,GREGORY,U,768966825,3/10/1985,21/03/2008,13S1,USSF
304,,ANDERSON,EMMA,V,599925058,15/01/1992,2/7/2014,3D0X2,USAF
927,,THOMAS,ALEXANDER,W,773436868,27/04/1979,13/10/2001,11F3,USAF
412,,TAYLOR,RUTH,X,216457830,9/8/1994,25/01/2017,62E1S,USSF
119,,MOORE,FRANK,Y,889541356,21/11/1981,9/5/2003,17D1,USAF
890,,JACKSON,CHRISTINE,Z,439790705,3/3/1992,19/08/2014,14N1,USAF
512,,MARTIN,PATRICK,A,889396299,15/06/1983,1/12/2005,62E1S,USAF
203,,LEE,DEBRA,B,199763691,27/09/1994,15/03/2017,13S3,USSF
712,,PEREZ,RAYMOND,C,747521825,9/1/1976,27/06/1998,21A1,USAF
389,,THOMPSON,RACHEL,D,120328006,21/04/1987,7/10/2009,32E1S,USAF
921,,WHITE,JACK,E,433198359,3/8/1982,20/01/2004,13S1,USSF
510,,HARRIS,CAROLYN,F,966463509,15/11/1993,2/5/2015,11M3,USAF
114,,SANCHEZ,DENNIS,G,606050889,27/02/1980,15/08/2002,17S1,USAF
815,,CLARK,JANET,H,29149708,9/6/1991,25/11/2013,5C0X1,USSF
304,,RAMIREZ,JERRY,I,481133671,21/09/1984,9/3/2007,14N1,USAF
927,,LEWIS,MARIA,J,679639919,3/1/1995,20/06/2017,31P1,USAF
412,,ROBINSON,TYLER,K,046202801,15/04/1978,1/10/2000,63A1,USAF
119,,WALKER,HEATHER,L,604053328,27/07/1989,12/1/2012,17D1S,USSF
890,,YOUNG,AARON,M,512997746,8/11/1980,26/04/2002,1A0X1,USAF
512,,ALLEN,HELENA,N,114206373,20/02/1991,8/8/2013,1C0X2,USAF
203,,KING,JAMES,O,768051758,4/6/1986,20/11/2008,13S1,USSF
712,,WRIGHT,MARY,P,683265177,16/09/1977,4/3/2000,3D0X2,USAF
389,,SCOTT,ROBERT,Q,320783266,28/12/1992,15/06/2014,11F3,USAF
921,,TORRES,PATRICIA,R,299924734,11/4/1983,27/09/2005,62E1S,USSF
510,,NGUYEN,JOHN,S,643160763,23/07/1994,8/1/2017,17D1,USAF
114,,HILL,JENNIFER,T,216289813,4/11/1979,21/04/2001,14N1,USAF
815,,FLORES,MICHAEL,U,453643535,16/02/1990,4/8/2012,62E1S,USAF
304,,GREEN,LINDA,V,119586797,28/05/1981,13/11/2003,13S3,USSF
927,,ADAMS,DAVID,W,150323437,9/9/1992,25/02/2015,21A1,USAF
412,,NELSON,ELIZABETH,X,534667500,21/12/1983,8/6/2006,32E1S,USAF
119,,BAKER,WILLIAM,Y,269671215,3/4/1995,19/09/2017,13S1,USSF
890,,HALL,BARBARA,Z,990174459,15/07/1976,31/12/1998,11M3,USAF
512,,RIVERA,RICHARD,A,075518058,27/10/1987,14/04/2010,17S1,USAF
203,,CAMPBELL,SUSAN,B,101342712,8/2/1994,26/07/2016,5C0X1,USSF
712,,MITCHELL,JOSEPH,C,442517566,20/05/1975,5/11/1997,14N1,USAF
389,,CARTER,JESSICA,D,575415005,1/9/1986,17/02/2009,31P1,USAF
921,,ROBERTS,THOMAS,E,222610713,13/12/1991,30/05/2013,63A1,USAF
510,,GOMEZ,SARAH,F,576877023,25/03/1982,10/9/2004,17D1S,USSF
114,,PHILLIPS,CHARLES,G,240231989,6/7/1993,22/12/2015,1A0X1,USAF
815,,EVANS,KAREN,H,698177976,18/10/1984,5/4/2007,1C0X2,USAF
304,,DIAZ,CHRISTOPHER,I,778376368,30/01/1991,18/07/2013,13S1,USSF
927,,HOWARD,NANCY,J,477077390,11/5/1982,27/10/2004,3D0X2,USAF
412,,WEST,DANIEL,K,371238053,23/08/1993,8/2/2016,11F3,USAF
119,,JORDAN,LISA,L,887936649,4/12/1978,22/05/2001,62E1S,USSF
890,,OWENS,MATTHEW,M,964037649,16/03/1989,1/9/2011,17D1,USAF
512,,REYNOLDS,BETTY,N,188226576,28/06/1980,13/12/2002,14N1,USAF
203,,FISHER,ANTHONY,O,729348579,9/10/1991,27/03/2014,62E1S,USAF
712,,ELLIS,MARGARET,P,212305537,21/01/1986,8/7/2008,13S3,USSF
389,,HARRISON,MARK,Q,984812704,3/5/1993,19/10/2015,21A1,USAF
921,,GIBSON,SANDRA,R,736935882,15/08/1984,1/2/2007,32E1S,USAF
510,,MCDONALD,DONALD,S,157314917,27/11/1979,15/05/2002,13S1,USSF
114,,CRUZ,ASHLEY,T,087926578,9/3/1990,25/08/2012,11M3,USAF
815,,MARSHALL,PAUL,U,601897868,21/06/1981,7/12/2003,17S1,USAF
304,,ORTIZ,KIMBERLY,V,344533146,3/10/1992,21/03/2015,5C0X1,USSF
927,,MURRAY,STEVEN,W,514957430,15/01/1983,2/7/2005,14N1,USAF
412,,FREEMAN,DONNA,X,796968503,27/04/1994,13/10/2016,31P1,USAF
119,,WELLS,ANDREW,Y,118188414,9/8/1977,24/01/2000,63A1,USAF
890,,WEBB,EMILY,Z,227554373,21/11/1988,9/5/2011,17D1S,USSF
512,,SIMPSON,KENNETH,A,150501911,3/3/1982,19/08/2004,1A0X1,USAF
203,,STEVENS,MICHELLE,B,181286127,15/06/1993,1/12/2015,1C0X2,USAF
712,,TUCKER,JOSHUA,C,189323600,27/09/1984,15/03/2007,13S1,USSF
389,,PORTER,CAROL,D,932944697,9/1/1990,27/06/2012,3D0X2,USAF
921,,HUNTER,KEVIN,E,030152774,21/04/1981,7/10/2003,11F3,USAF
510,,HICKS,AMANDA,F,990903911,3/8/1992,20/01/2015,62E1S,USSF
114,,CRAWFORD,BRIAN,G,891154082,15/11/1983,2/5/2006,17D1,USAF
815,,BOYD,MELISSA,H,170655500,27/02/1985,15/08/2007,14N1,USAF
304,,MASON,GEORGE,I,946378398,9/6/1976,25/11/1998,62E1S,USAF
927,,BURNS,DEBORAH,J,472494193,21/09/1987,9/3/2010,13S3,USSF
412,,GARDNER,EDWARD,K,315237874,3/1/1982,20/06/2004,21A1,USAF
119,,PAYNE,STEPHANIE,L,457509905,15/04/1993,1/10/2015,32E1S,USAF
890,,PALMER,RONALD,M,657924846,27/07/1980,12/1/2003,13S1,USSF
512,,STONE,REBECCA,N,015411332,9/11/1989,27/04/2012,11M3,USAF
203,,NICHOLS,TIMOTHY,O,861342110,21/02/1984,9/8/2006,17S1,USAF
712,,WARREN,SHARON,P,202763935,3/6/1995,20/11/2017,5C0X1,USSF
389,,STEWART,JASON,Q,906073357,15/09/1976,3/3/1999,14N1,USAF
921,,MORRISON,LAURA,R,939353185,27/12/1987,14/06/2010,31P1,USAF
510,,SMITH,JEFFREY,S,553425067,9/4/1981,25/09/2003,63A1,USAF
114,,JOHNSON,CYNTHIA,T,577511099,21/07/1992,6/1/2015,17D1S,USSF
815,,WILLIAMS,RYAN,U,634926625,3/11/1983,21/04/2006,1A0X1,USAF
304,,BROWN,KATHLEEN,V,025060311,15/02/1995,3/8/2017,1C0X2,USAF
927,,JONES,JACOB,W,248252957,27/05/1976,12/11/1998,13S1,USSF
412,,GARCIA,AMY,X,346701997,9/9/1989,25/02/2012,3D0X2,USAF
119,,MILLER,GARY,Y,179117711,21/12/1980,8/6/2003,11F3,USAF
890,,DAVIS,SHIRLEY,Z,159819259,2/4/1992,18/09/2014,62E1S,USSF
512,,RODRIGUEZ,NICHOLAS,A,025812749,14/07/1983,30/12/2005,17D1,USAF
203,,MARTINEZ,ANGELA,B,111385616,26/10/1994,13/04/2017,14N1,USAF
712,,HERNANDEZ,ERIC,C,015648229,8/2/1979,25/07/2001,62E1S,USAF
389,,LOPEZ,HELEN,D,243190976,20/05/1990,5/11/2012,13S3,USSF
921,,GONZALEZ,JONATHAN,E,691282715,1/9/1981,18/02/2004,21A1,USAF
510,,WILSON,ANNA,F,958913859,13/12/1992,30/05/2015,32E1S,USAF
114,,ANDERSON,STEPHEN,G,556613677,25/03/1984,10/9/2006,13S1,USSF
815,,THOMAS,BRENDA,H,532910540,6/7/1995,22/12/2017,11M3,USAF
304,,TAYLOR,LARRY,I,950764498,18/10/1976,5/4/1999,17S1,USAF
927,,MOORE,PAMELA,J,391284361,30/01/1989,18/07/2011,5C0X1,USSF
412,,JACKSON,JUSTIN,K,479179316,11/5/1980,27/10/2002,14N1,USAF
119,,MARTIN,NICOLE,L,476801338,23/08/1991,8/2/2014,31P1,USAF
890,,LEE,BENJAMIN,M,130999755,4/12/1982,22/05/2005,63A1,USAF
512,,PEREZ,SAMANTHA,N,916584671,16/03/1994,1/9/2016,17D1S,USSF
203,,THOMPSON,SAMUEL,O,343620957,28/06/1985,14/12/2007,1A0X1,USAF
712,,WHITE,KATHERINE,P,842758068,9/10/1990,27/03/2013,1C0X2,USAF
389,,HARRIS,GREGORY,Q,310994534,21/01/1977,9/7/1999,13S1,USSF
921,,SANCHEZ,EMMA,R,042013082,3/5/1988,19/10/2010,3D0X2,USAF
510,,CLARK,ALEXANDER,S,789229123,15/08/1982,1/2/2005,11F3,USAF
114,,RAMIREZ,RUTH,T,756234135,27/11/1993,15/05/2016,62E1S,USSF
815,,LEWIS,FRANK,U,755592079,9/3/1984,25/08/2006,17D1,USAF
304,,ROBINSON,CHRISTINE,V,967643258,21/06/1989,7/12/2011,14N1,USAF
927,,WALKER,PATRICK,W,865958841,3/10/1976,21/03/1999,62E1S,USAF
412,,YOUNG,DEBRA,X,225385656,15/01/1991,2/7/2013,13S3,USSF
119,,ALLEN,RAYMOND,Y,200288760,27/04/1982,13/10/2004,21A1,USAF
890,,KING,RACHEL,Z,162259944,9/8/1993,25/01/2016,32E1S,USAF
512,,WRIGHT,JACK,A,979938827,21/11/1984,9/5/2007,13S1,USSF
203,,SCOTT,CAROLYN,B,425016715,3/3/1995,19/08/2017,11M3,USAF
712,,TORRES,DENNIS,C,626957617,15/06/1979,1/12/2001,17S1,USAF
389,,NGUYEN,JANET,D,435238877,27/09/1990,15/03/2013,5C0X1,USSF
921,,HILL,JERRY,E,159842985,9/1/1981,27/06/2003,14N1,USAF
510,,FLORES,MARIA,F,272156098,21/04/1992,7/10/2014,31P1,USAF
114,,GREEN,TYLER,G,748847550,3/8/1983,20/01/2006,63A1,USAF
815,,ADAMS,HEATHER,H,857940845,15/11/1994,2/5/2017,17D1S,USSF
304,,NELSON,AARON,I,622579768,27/02/1985,15/08/2007,1A0X1,USAF
927,,BAKER,HELENA,J,295759183,9/6/1991,26/11/2013,1C0X2,USAF
412,,HALL,JAMES,K,253198875,21/09/1976,10/3/1999,13S1,USSF
119,,RIVERA,MARY,L,984787762,3/1/1988,20/06/2010,3D0X2,USAF
890,,CAMPBELL,ROBERT,M,587134454,15/04/1982,1/10/2004,11F3,USAF
512,,MITCHELL,PATRICIA,N,262757243,27/07/1993,12/1/2016,62E1S,USSF
203,,CARTER,JOHN,O,392326729,8/11/1980,26/04/2002,17D1,USAF
712,,ROBERTS,JENNIFER,P,136003211,20/02/1995,8/8/2017,14N1,USAF
389,,GOMEZ,MICHAEL,Q,980854198,4/6/1977,20/11/1999,62E1S,USAF
921,,PHILLIPS,LINDA,R,543006671,16/09/1988,4/3/2011,13S3,USSF
510,,EVANS,DAVID,S,067782915,28/12/1981,15/06/2004,21A1,USAF
114,,DIAZ,ELIZABETH,T,193650057,11/4/1993,27/09/2015,32E1S,USAF
815,,HOWARD,WILLIAM,U,559211173,23/07/1979,8/1/2002,13S1,USSF
304,,WEST,BARBARA,V,604306211,4/11/1990,21/04/2013,11M3,USAF
927,,JORDAN,RICHARD,W,816044487,16/02/1985,4/8/2007,17S1,USAF
412,,OWENS,SUSAN,X,224082123,28/05/1991,13/11/2013,5C0X1,USSF
119,,REYNOLDS,JOSEPH,Y,988059764,9/9/1976,25/02/1999,14N1,USAF
890,,FISHER,JESSICA,Z,796211213,21/12/1987,8/6/2010,31P1,USAF
512,,ELLIS,THOMAS,A,041999663,3/4/1982,19/09/2004,63A1,USAF
203,,HARRISON,SARAH,B,62033364,15/07/1993,31/12/2015,17D1S,USSF
712,,GIBSON,CHARLES,C,209453708,27/10/1978,14/04/2001,1A0X1,USAF
389,,MCDONALD,KAREN,D,206142651,8/2/1989,26/07/2011,1C0X2,USAF
921,,CRUZ,CHRISTOPHER,E,148237535,20/05/1983,5/11/2005,13S1,USSF
510,,MARSHALL,NANCY,F,592528466,1/9/1994,17/02/2017,3D0X2,USAF
114,,ORTIZ,DANIEL,G,965796288,13/12/1975,30/05/1998,11F3,USAF
815,,MURRAY,LISA,H,269835956,25/03/1987,10/9/2009,62E1S,USSF
304,,FREEMAN,MATTHEW,I,390963630,6/7/1981,22/12/2003,17D1,USAF
927,,WELLS,BETTY,J,422856639,18/10/1992,5/4/2015,14N1,USAF
412,,WEBB,ANTHONY,K,734595646,30/01/1986,18/07/2008,62E1S,USAF
119,,SIMPSON,MARGARET,L,562419283,11/5/1991,27/10/2013,13S3,USSF
890,,STEVENS,MARK,M,573138111,23/08/1977,8/2/2000,21A1,USAF
512,,TUCKER,SANDRA,N,021652018,4/12/1988,22/05/2011,32E1S,USAF
203,,PORTER,DONALD,O,798567091,16/03/1983,1/9/2005,13S1,USSF
712,,HUNTER,ASHLEY,P,526163187,28/06/1994,13/12/2016,11M3,USAF
389,,HICKS,PAUL,Q,944704639,9/10/1975,27/03/1998,17S1,USAF
921,,CRAWFORD,KIMBERLY,R,211903092,21/01/1989,9/7/2011,5C0X1,USSF
510,,BOYD,STEVEN,S,280155321,3/5/1980,19/10/2002,14N1,USAF
114,,MASON,DONNA,T,449879237,15/08/1991,1/2/2014,31P1,USAF
815,,BURNS,ANDREW,U,088897721,27/11/1985,15/05/2008,63A1,USAF
304,,GARDNER,EMILY,V,173376404,9/3/1979,25/08/2001,17D1S,USSF
927,,PAYNE,KENNETH,W,713820975,21/06/1990,7/12/2012,1A0X1,USAF
412,,PALMER,MICHELLE,X,331561918,3/10/1981,20/03/2004,1C0X2,USAF
119,,STONE,JOSHUA,Y,542490194,15/01/1992,2/7/2014,13S1,USSF
890,,NICHOLS,CAROL,Z,400081898,27/04/1983,13/10/2005,3D0X2,USAF
512,,WARREN,KEVIN,A,323824317,9/8/1994,25/01/2017,11F3,USAF
203,,STEWART,AMANDA,B,430528315,21/11/1978,9/5/2001,62E1S,USSF
712,,MORRISON,BRIAN,C,267098610,3/3/1989,19/08/2011,17D1,USAF
389,,SMITH,MELISSA,D,491318647,15/06/1980,1/12/2002,14N1,USAF
921,,JOHNSON,GEORGE,E,680274188,27/09/1991,15/03/2014,62E1S,USAF
510,,WILLIAMS,DEBORAH,F,489460899,9/1/1986,27/06/2008,13S3,USSF
114,,BROWN,EDWARD,G,952544967,21/04/1977,7/10/1999,21A1,USAF
815,,JONES,STEPHANIE,H,457529774,3/8/1988,20/01/2011,32E1S,USAF
304,,GARCIA,RONALD,I,132881594,15/11/1982,2/5/2005,13S1,USSF
927,,MILLER,REBECCA,J,989696641,27/02/1993,15/08/2015,11M3,USAF
412,,DAVIS,TIMOTHY,K,599402408,9/6/1984,25/11/2006,17S1,USAF
119,,RODRIGUEZ,SHARON,L,994376487,21/09/1975,9/3/1998,5C0X1,USSF
890,,MARTINEZ,JASON,M,868588056,3/1/1986,20/06/2008,14N1,USAF
512,,HERNANDEZ,LAURA,N,699187647,15/04/1991,1/10/2013,31P1,USAF
203,,LOPEZ,JEFFREY,O,723030143,27/07/1982,12/1/2005,63A1,USAF
712,,GONZALEZ,CYNTHIA,P,318217794,8/11/1993,25/04/2016,17D1S,USSF
389,,WILSON,RYAN,Q,151194391,20/02/1980,7/8/2002,1A0X1,USAF
921,,ANDERSON,KATHLEEN,R,527217585,4/6/1991,20/11/2013,1C0X2,USAF
510,,THOMAS,JACOB,S,648527317,16/09/1976,3/3/1999,13S1,USSF
114,,TAYLOR,AMY,T,796549270,28/12/1987,15/06/2010,3D0X2,USAF
815,,MOORE,GARY,U,138312269,11/4/1982,27/09/2004,11F3,USAF
304,,JACKSON,SHIRLEY,V,470257698,23/07/1993,8/1/2016,62E1S,USSF
927,,MARTIN,NICHOLAS,W,080443542,4/11/1984,21/04/2007,17D1,USAF
412,,LEE,ANGELA,X,028056388,16/02/1995,4/8/2017,14N1,USAF
119,,PEREZ,ERIC,Y,691309907,28/05/1979,13/11/2001,62E1S,USAF
890,,THOMPSON,HELEN,Z,355549725,9/9/1990,25/02/2013,13S3,USSF
512,,WHITE,JONATHAN,A,139663461,21/12/1981,8/6/2004,21A1,USAF
203,,HARRIS,ANNA,B,740182974,3/4/1992,19/09/2014,32E1S,USAF
712,,SANCHEZ,STEPHEN,C,964294578,15/07/1983,1/1/2006,13S1,USSF
389,,CLARK,BRENDA,D,276401312,27/10/1994,14/04/2017,11M3,USAF
921,,RAMIREZ,LARRY,E,985592767,8/2/1985,26/07/2007,17S1,USAF
510,,LEWIS,PAMELA,F,811458394,20/05/1991,5/11/2013,5C0X1,USSF
114,,ROBINSON,JUSTIN,G,097243871,1/9/1976,18/02/1999,14N1,USAF
815,,WALKER,NICOLE,H,946902137,13/12/1987,30/05/2010,31P1,USAF
304,,YOUNG,BENJAMIN,I,645306923,25/03/1982,10/9/2004,63A1,USAF
927,,ALLEN,SAMANTHA,J,458906836,6/7/1993,22/12/2015,17D1S,USSF
412,,KING,SAMUEL,K,507116461,18/10/1984,5/4/2007,1A0X1,USAF
119,,WRIGHT,KATHERINE,L,357073646,30/01/1995,18/07/2017,1C0X2,USAF
890,,SCOTT,GREGORY,M,412241501,11/5/1979,27/10/2001,13S1,USSF
512,,TORRES,EMMA,N,037368754,23/08/1990,8/2/2013,3D0X2,USAF
203,,NGUYEN,ALEXANDER,O,045839868,4/12/1981,22/05/2004,11F3,USAF
712,,HILL,RUTH,P,860742497,16/03/1992,1/9/2014,62E1S,USSF
389,,FLORES,FRANK,Q,031408460,28/06/1983,14/12/2005,17D1,USAF
921,,GREEN,CHRISTINE,R,627825096,9/10/1994,27/03/2017,14N1,USAF
510,,ADAMS,PATRICK,S,504430631,21/01/1977,9/7/1999,62E1S,USAF
114,,NELSON,DEBRA,T,657518425,3/5/1988,19/10/2010,13S3,USSF
815,,BAKER,RAYMOND,U,904467651,15/08/1982,1/2/2005,21A1,USAF
304,,HALL,RACHEL,V,790183790,27/11/1993,15/05/2016,32E1S,USAF
927,,RIVERA,JACK,W,88696913,9/3/1980,25/08/2002,13S1,USSF
412,,CAMPBELL,CAROLYN,X,079838877,21/06/1991,7/12/2013,11M3,USAF
119,,MITCHELL,DENNIS,Y,550589464,3/10/1985,21/03/2008,17S1,USAF
890,,CARTER,JANET,Z,474389602,15/01/1992,2/7/2014,5C0X1,USSF
512,,ROBERTS,JERRY,A,880339599,27/04/1979,13/10/2001,14N1,USAF
203,,GOMEZ,MARIA,B,417182080,9/8/1994,25/01/2017,31P1,USAF
712,,PHILLIPS,TYLER,C,524701213,21/11/1981,9/5/2003,63A1,USAF
389,,EVANS,HEATHER,D,861720440,3/3/1992,19/08/2014,17D1S,USSF
921,,DIAZ,AARON,E,750769164,15/06/1983,1/12/2005,1A0X1,USAF
510,,HOWARD,HELENA,F,657112933,27/09/1994,15/03/2017,1C0X2,USAF
114,,WEST,JAMES,G,435076658,9/1/1976,27/06/1998,13S1,USSF
815,,JORDAN,MARY,H,928326335,21/04/1987,7/10/2009,3D0X2,USAF
304,,OWENS,ROBERT,I,772099183,3/8/1982,20/01/2004,11F3,USAF
927,,REYNOLDS,PATRICIA,J,762461569,15/11/1993,2/5/2015,62E1S,USSF
412,,FISHER,JOHN,K,097447260,27/02/1980,15/08/2002,17D1,USAF
119,,ELLIS,JENNIFER,L,843384820,9/6/1991,25/11/2013,14N1,USAF
890,,HARRISON,MICHAEL,M,854959991,21/09/1984,9/3/2007,62E1S,USAF
512,,GIBSON,LINDA,N,787776354,3/1/1995,20/06/2017,13S3,USSF
203,,MCDONALD,DAVID,O,980881356,15/04/1978,1/10/2000,21A1,USAF
712,,CRUZ,ELIZABETH,P,575990005,27/07/1989,12/1/2012,32E1S,USAF
389,,MARSHALL,WILLIAM,Q,286072841,8/11/1980,26/04/2002,13S1,USSF
921,,ORTIZ,BARBARA,R,054442607,20/02/1995,8/8/2017,11M3,USAF
510,,MURRAY,RICHARD,S,439838511,4/6/1977,20/11/1999,17S1,USAF
114,,FREEMAN,SUSAN,T,654524974,16/09/1988,4/3/2011,5C0X1,USSF
815,,WELLS,JOSEPH,U,810707072,28/12/1981,15/06/2004,14N1,USAF
304,,WEBB,JESSICA,V,835380633,11/4/1993,27/09/2015,31P1,USAF
927,,SIMPSON,THOMAS,W,944882340,23/07/1979,8/1/2002,63A1,USAF
412,,STEVENS,SARAH,X,421915846,4/11/1990,21/04/2013,17D1S,USSF
119,,TUCKER,CHARLES,Y,228507721,16/02/1985,4/8/2007,1A0X1,USAF
890,,PORTER,KAREN,Z,392392983,28/05/1991,13/11/2013,1C0X2,USAF
512,,HUNTER,CHRISTOPHER,A,307606601,9/9/1976,25/02/1999,13S1,USSF
203,,HICKS,NANCY,B,619613921,21/12/1987,8/6/2010,3D0X2,USAF
712,,CRAWFORD,DANIEL,C,259378555,3/4/1982,19/09/2004,11F3,USAF
389,,BOYD,LISA,D,273519871,15/07/1993,31/12/2015,62E1S,USSF
921,,MASON,MATTHEW,E,079000722,27/10/1978,14/04/2001,17D1,USAF
510,,BURNS,BETTY,F,496221382,8/2/1989,26/07/2011,14N1,USAF
114,,GARDNER,ANTHONY,G,627943124,20/05/1983,5/11/2005,62E1S,USAF
815,,PAYNE,MARGARET,H,653646233,1/9/1994,17/02/2017,13S3,USSF
304,,PALMER,MARK,I,219438121,13/12/1975,30/05/1998,21A1,USAF
927,,STONE,SANDRA,J,181756610,25/03/1987,10/9/2009,32E1S,USAF
412,,NICHOLS,DONALD,K,876393673,6/7/1981,22/12/2003,13S1,USSF
119,,WARREN,ASHLEY,L,175769588,18/10/1992,5/4/2015,11M3,USAF
890,,STEWART,PAUL,M,586417712,30/01/1986,18/07/2008,17S1,USAF
512,,MORRISON,KIMBERLY,N,719419921,11/5/1991,27/10/2013,5C0X1,USSF
203,,SMITH,STEVEN,O,028331309,23/08/1977,8/2/2000,14N1,USAF
712,,JOHNSON,DONNA,P,436439453,4/12/1988,22/05/2011,31P1,USAF
389,,WILLIAMS,ANDREW,Q,089728281,16/03/1983,1/9/2005,63A1,USAF
921,,BROWN,EMILY,R,614832363,28/06/1994,13/12/2016,17D1S,USSF
510,,JONES,KENNETH,S,584958213,9/10/1975,27/03/1998,1A0X1,USAF
114,,GARCIA,MICHELLE,T,683589159,21/01/1989,9/7/2011,1C0X2,USAF
815,,MILLER,JOSHUA,U,961128834,3/5/1980,19/10/2002,13S1,USSF
304,,DAVIS,CAROL,V,049224071,15/08/1991,1/2/2014,3D0X2,USAF
927,,RODRIGUEZ,KEVIN,W,237629387,27/11/1985,15/05/2008,11F3,USAF
412,,MARTINEZ,AMANDA,X,451746844,9/3/1979,25/08/2001,62E1S,USSF
119,,HERNANDEZ,BRIAN,Y,667495442,21/06/1990,7/12/2012,17D1,USAF
890,,LOPEZ,MELISSA,Z,696716783,3/10/1981,20/03/2004,14N1,USAF
512,,GONZALEZ,GEORGE,A,900642097,15/01/1992,2/7/2014,62E1S,USAF
203,,WILSON,DEBORAH,B,614780275,27/04/1983,13/10/2005,13S3,USSF
712,,ANDERSON,EDWARD,C,802548709,9/8/1994,25/01/2017,21A1,USAF
389,,THOMAS,STEPHANIE,D,531705092,21/11/1978,9/5/2001,32E1S,USAF
921,,TAYLOR,RONALD,E,156273856,3/3/1989,19/08/2011,13S1,USSF
510,,MOORE,REBECCA,F,254570213,15/06/1980,1/12/2002,11M3,USAF
114,,JACKSON,TIMOTHY,G,253602006,27/09/1991,15/03/2014,17S1,USAF
815,,MARTIN,SHARON,H,279174001,9/1/1986,27/06/2008,5C0X1,USSF
304,,LEE,JASON,I,719300804,21/04/1977,7/10/1999,14N1,USAF
927,,PEREZ,LAURA,J,848755141,3/8/1988,20/01/2011,31P1,USAF
412,,THOMPSON,JEFFREY,K,597897782,15/11/1982,2/5/2005,63A1,USAF
119,,WHITE,CYNTHIA,L,731344231,27/02/1993,15/08/2015,17D1S,USSF
890,,HARRIS,RYAN,M,165466642,9/6/1984,25/11/2006,1A0X1,USAF
512,,SANCHEZ,KATHLEEN,N,137082124,21/09/1975,9/3/1998,1C0X2,USAF
203,,CLARK,JACOB,O,117236382,3/1/1986,20/06/2008,13S1,USSF
712,,RAMIREZ,AMY,P,003682684,15/04/1991,1/10/2013,3D0X2,USAF
389,,LEWIS,GARY,Q,377370753,27/07/1982,12/1/2005,11F3,USAF
921,,ROBINSON,SHIRLEY,R,6015424,8/11/1993,25/04/2016,62E1S,USSF
510,,WALKER,NICHOLAS,S,896588999,20/02/1980,7/8/2002,17D1,USAF
114,,YOUNG,ANGELA,T,071162016,4/6/1991,20/11/2013,14N1,USAF
815,,ALLEN,ERIC,U,520121488,16/09/1976,3/3/1999,62E1S,USAF
304,,KING,HELEN,V,829731897,28/12/1987,15/06/2010,13S3,USSF
927,,WRIGHT,JONATHAN,W,034331687,11/4/1982,27/09/2004,21A1,USAF
412,,SCOTT,ANNA,X,350626060,23/07/1993,8/1/2016,32E1S,USAF
119,,TORRES,STEPHEN,Y,498266006,4/11/1984,21/04/2007,13S1,USSF
890,,NGUYEN,BRENDA,Z,449727948,16/02/1995,4/8/2017,11M3,USAF
512,,HILL,LARRY,A,823019955,28/05/1979,13/11/2001,17S1,USAF
203,,FLORES,PAMELA,B,244247316,9/9/1990,25/02/2013,5C0X1,USSF
712,,GREEN,JUSTIN,C,574534873,21/12/1981,8/6/2004,14N1,USAF
389,,ADAMS,NICOLE,D,312075751,3/4/1992,19/09/2014,31P1,USAF
921,,NELSON,BENJAMIN,E,361933232,15/07/1983,1/1/2006,63A1,USAF
510,,BAKER,SAMANTHA,F,694834857,27/10/1994,14/04/2017,17D1S,USSF
114,,HALL,SAMUEL,G,376144429,8/2/1985,26/07/2007,1A0X1,USAF
815,,RIVERA,KATHERINE,H,890751738,20/05/1991,5/11/2013,1C0X2,USAF
304,,CAMPBELL,GREGORY,I,820698479,1/9/1976,18/02/1999,13S1,USSF
927,,MITCHELL,EMMA,J,509210057,13/12/1987,30/05/2010,3D0X2,USAF
412,,CARTER,ALEXANDER,K,107316082,25/03/1982,10/9/2004,11F3,USAF
119,,ROBERTS,RUTH,L,590676721,6/7/1993,22/12/2015,62E1S,USSF
890,,GOMEZ,FRANK,M,520205948,18/10/1984,5/4/2007,17D1,USAF
512,,PHILLIPS,CHRISTINE,N,410980983,30/01/1995,18/07/2017,14N1,USAF
203,,EVANS,PATRICK,O,716608713,11/5/1979,27/10/2001,62E1S,USAF
712,,DIAZ,DEBRA,P,362040423,23/08/1990,8/2/2013,13S3,USSF
389,,HOWARD,RAYMOND,Q,918505901,4/12/1981,22/05/2004,21A1,USAF
921,,WEST,RACHEL,R,988736917,16/03/1992,1/9/2014,32E1S,USAF
510,,JORDAN,JACK,S,186581155,28/06/1983,14/12/2005,13S1,USSF
114,,OWENS,CAROLYN,T,812611452,9/10/1994,27/03/2017,11M3,USAF
815,,REYNOLDS,DENNIS,U,496772172,21/01/1977,9/7/1999,17S1,USAF
304,,FISHER,JANET,V,482227234,3/5/1988,19/10/2010,5C0X1,USSF
927,,ELLIS,JERRY,W,443115365,15/08/1982,1/2/2005,14N1,USAF
412,,HARRISON,MARIA,X,091834712,27/11/1993,15/05/2016,31P1,USAF
119,,GIBSON,TYLER,Y,427317394,9/3/1980,25/08/2002,63A1,USAF
890,,MCDONALD,HEATHER,Z,882852761,21/06/1991,7/12/2013,17D1S,USSF
512,,CRUZ,AARON,A,184679284,3/10/1985,21/03/2008,1A0X1,USAF
203,,MARSHALL,HELENA,B,761150538,15/01/1992,2/7/2014,1C0X2,USAF
712,,ORTIZ,JAMES,C,235510648,27/04/1979,13/10/2001,13S1,USSF
389,,MURRAY,MARY,D,976264604,9/8/1994,25/01/2017,3D0X2,USAF
921,,FREEMAN,ROBERT,E,746454303,21/11/1981,9/5/2003,11F3,USAF
510,,WELLS,PATRICIA,F,459115490,3/3/1992,19/08/2014,62E1S,USSF
114,,WEBB,JOHN,G,946094777,15/06/1983,1/12/2005,17D1,USAF
815,,SIMPSON,JENNIFER,H,918554424,27/09/1994,15/03/2017,14N1,USAF
304,,STEVENS,MICHAEL,I,249125620,9/1/1976,27/06/1998,62E1S,USAF
927,,TUCKER,LINDA,J,182440173,21/04/1987,7/10/2009,13S3,USSF
412,,PORTER,DAVID,K,641870104,3/8/1982,20/01/2004,21A1,USAF
119,,HUNTER,ELIZABETH,L,994272154,15/11/1993,2/5/2015,32E1S,USAF
890,,HICKS,WILLIAM,M,961502940,27/02/1980,15/08/2002,13S1,USSF
512,,CRAWFORD,BARBARA,N,615579806,9/6/1991,25/11/2013,11M3,USAF
203,,BOYD,RICHARD,O,864820330,21/09/1984,9/3/2007,17S1,USAF
712,,MASON,SUSAN,P,95898015,3/1/1995,20/06/2017,5C0X1,USSF
389,,BURNS,JOSEPH,Q,272940988,15/04/1978,1/10/2000,14N1,USAF
921,,GARDNER,JESSICA,R,577538403,27/07/1989,12/1/2012,31P1,USAF
510,,PAYNE,THOMAS,S,642681744,8/11/1980,26/04/2002,63A1,USAF
114,,PALMER,SARAH,T,655025401,20/02/1995,8/8/2017,17D1S,USSF
815,,STONE,CHARLES,U,148853553,4/6/1977,20/11/1999,1A0X1,USAF
304,,NICHOLS,KAREN,V,592735828,16/09/1988,4/3/2011,1C0X2,USAF
927,,WARREN,CHRISTOPHER,W,181051409,28/12/1981,15/06/2004,13S1,USSF
412,,STEWART,NANCY,X,392271157,11/4/1993,27/09/2015,3D0X2,USAF
119,,MORRISON,DANIEL,Y,380779468,23/07/1979,8/1/2002,11F3,USAF
890,,SMITH,LISA,Z,37285951,4/11/1990,21/04/2013,62E1S,USSF
512,,JOHNSON,MATTHEW,A,716377060,16/02/1985,4/8/2007,17D1,USAF
203,,WILLIAMS,BETTY,B,525735008,28/05/1991,13/11/2013,14N1,USAF
712,,BROWN,ANTHONY,C,699663989,9/9/1976,25/02/1999,62E1S,USAF
389,,JONES,MARGARET,D,529433292,21/12/1987,8/6/2010,13S3,USSF
921,,GARCIA,MARK,E,982954165,3/4/1982,19/09/2004,21A1,USAF
510,,MILLER,SANDRA,F,639410786,15/07/1993,31/12/2015,32E1S,USAF
114,,DAVIS,DONALD,G,928848130,27/10/1978,14/04/2001,13S1,USSF
815,,RODRIGUEZ,ASHLEY,H,879423544,1/9/1994,17/02/2017,11M3,USAF
304,,MARTINEZ,PAUL,I,978540191,13/12/1975,30/05/1998,17S1,USAF
927,,HERNANDEZ,KIMBERLY,J,41677504,25/03/1987,10/9/2009,5C0X1,USSF
412,,LOPEZ,STEVEN,K,109404958,6/7/1981,22/12/2003,14N1,USAF
119,,GONZALEZ,DONNA,L,806358061,18/10/1992,5/4/2015,31P1,USAF
890,,WILSON,ANDREW,M,281773554,30/01/1986,18/07/2008,63A1,USAF
512,,ANDERSON,EMILY,N,436724625,11/5/1991,27/10/2013,17D1S,USSF
203,,THOMAS,KENNETH,O,835580607,23/08/1977,8/2/2000,1A0X1,USAF
712,,TAYLOR,MICHELLE,P,527936223,4/12/1988,22/05/2011,1C0X2,USAF
389,,MOORE,JOSHUA,D,229986927,16/03/1983,1/9/2005,13S1,USSF
921,,JACKSON,CAROL,E,868143316,28/06/1994,13/12/2016,3D0X2,USAF
510,,MARTIN,KEVIN,F,876647836,9/10/1975,27/03/1998,11F3,USAF
114,,LEE,AMANDA,G,215274017,21/01/1989,9/7/2011,62E1S,USSF
815,,PEREZ,BRIAN,H,159104336,3/5/1980,19/10/2002,17D1,USAF
304,,THOMPSON,MELISSA,I,367721725,15/08/1991,1/2/2014,14N1,USAF
927,,WHITE,GEORGE,J,612139496,27/11/1985,15/05/2008,62E1S,USAF
412,,HARRIS,DEBORAH,K,374679695,9/3/1979,25/08/2001,13S3,USSF
119,,SANCHEZ,EDWARD,L,760620592,21/06/1990,7/12/2012,21A1,USAF
890,,CLARK,STEPHANIE,M,996238388,3/10/1981,20/03/2004,32E1S,USAF
512,,RAMIREZ,RONALD,N,142558985,15/01/1992,2/7/2014,13S1,USSF
203,,LEWIS,REBECCA,O,797086484,27/04/1983,13/10/2005,11M3,USAF
712,,ROBINSON,TIMOTHY,P,170101885,9/8/1994,25/01/2017,17S1,USAF
389,,WALKER,SHARON,Q,618887144,21/11/1978,9/5/2001,5C0X1,USSF
921,,YOUNG,JASON,R,641212365,3/3/1989,19/08/2011,14N1,USAF
510,,ALLEN,LAURA,S,505290735,15/06/1980,1/12/2002,31P1,USAF
114,,KING,JEFFREY,T,499880195,27/09/1991,15/03/2014,63A1,USAF
815,,WRIGHT,CYNTHIA,U,168273652,9/1/1986,27/06/2008,17D1S,USSF
304,,SCOTT,RYAN,V,333773851,21/04/1977,7/10/1999,1A0X1,USAF
927,,TORRES,KATHLEEN,W,000090354,3/8/1988,20/01/2011,1C0X2,USAF
412,,NGUYEN,JACOB,X,844960211,15/11/1982,2/5/2005,13S1,USSF
119,,HILL,AMY,Y,473954483,27/02/1993,15/08/2015,3D0X2,USAF
890,,FLORES,GARY,Z,484982140,9/6/1984,25/11/2006,11F3,USAF
512,,GREEN,SHIRLEY,A,478179274,21/09/1975,9/3/1998,62E1S,USSF
203,,ADAMS,NICHOLAS,B,903148272,3/1/1986,20/06/2008,17D1,USAF
712,,NELSON,ANGELA,C,492549243,15/04/1991,1/10/2013,14N1,USAF
389,,BAKER,ERIC,D,083412648,27/07/1982,12/1/2005,62E1S,USAF
921,,HALL,HELEN,E,697703751,8/11/1993,25/04/2016,13S3,USSF
510,,RIVERA,JONATHAN,F,263018388,20/02/1980,7/8/2002,21A1,USAF
114,,CAMPBELL,ANNA,G,659007556,4/6/1991,20/11/2013,32E1S,USAF
815,,MITCHELL,STEPHEN,H,205206315,16/09/1976,3/3/1999,13S1,USSF
304,,CARTER,BRENDA,I,717790345,28/12/1987,15/06/2010,11M3,USAF
927,,ROBERTS,LARRY,J,119566035,11/4/1982,27/09/2004,17S1,USAF
412,,GOMEZ,PAMELA,K,295620733,23/07/1993,8/1/2016,5C0X1,USSF
119,,PHILLIPS,JUSTIN,L,782547653,4/11/1984,21/04/2007,14N1,USAF
890,,EVANS,NICOLE,M,716013308,16/02/1995,4/8/2017,31P1,USAF
512,,DIAZ,BENJAMIN,N,363210560,28/05/1979,13/11/2001,63A1,USAF
203,,HOWARD,SAMANTHA,O,308084962,9/9/1990,25/02/2013,17D1S,USSF
712,,WEST,SAMUEL,P,769912711,21/12/1981,8/6/2004,1A0X1,USAF
389,,JORDAN,KATHERINE,Q,208854918,3/4/1992,19/09/2014,1C0X2,USAF
921,,OWENS,GREGORY,R,651736314,15/07/1983,1/1/2006,13S1,USSF
510,,REYNOLDS,EMMA,S,103869757,27/10/1994,14/04/2017,3D0X2,USAF
114,,FISHER,ALEXANDER,T,216085168,8/2/1985,26/07/2007,11F3,USAF
815,,ELLIS,RUTH,U,533574283,20/05/1991,5/11/2013,62E1S,USSF
304,,HARRISON,FRANK,V,615810673,1/9/1976,18/02/1999,17D1,USAF
927,,GIBSON,CHRISTINE,W,138544774,13/12/1987,30/05/2010,14N1,USAF
412,,MCDONALD,PATRICK,X,879812995,25/03/1982,10/9/2004,62E1S,USAF
119,,CRUZ,DEBRA,Y,921177623,6/7/1993,22/12/2015,13S3,USSF
890,,MARSHALL,RAYMOND,Z,768268975,18/10/1984,5/4/2007,21A1,USAF
512,,ORTIZ,RACHEL,A,527366867,30/01/1995,18/07/2017,32E1S,USAF
203,,MURRAY,JACK,B,615805237,11/5/1979,27/10/2001,13S1,USSF
712,,FREEMAN,CAROLYN,C,091302480,23/08/1990,8/2/2013,11M3,USAF
389,,WELLS,DENNIS,D,725748937,4/12/1981,22/05/2004,17S1,USAF
921,,WEBB,JANET,E,584037842,16/03/1992,1/9/2014,5C0X1,USSF
510,,SIMPSON,JERRY,F,191371152,28/06/1983,14/12/2005,14N1,USAF
114,,STEVENS,MARIA,G,297716125,9/10/1994,27/03/2017,31P1,USAF
815,,TUCKER,TYLER,H,606931381,21/01/1977,9/7/1999,63A1,USAF
304,,PORTER,HEATHER,I,717802473,3/5/1988,19/10/2010,17D1S,USSF
927,,HUNTER,AARON,J,462207139,15/08/1982,1/2/2005,1A0X1,USAF
412,,HICKS,HELENA,K,818343702,27/11/1993,15/05/2016,1C0X2,USAF
119,,CRAWFORD,JAMES,L,823911965,9/3/1980,25/08/2002,13S1,USSF
890,,BOYD,MARY,M,594286190,21/06/1991,7/12/2013,3D0X2,USAF
512,,MASON,ROBERT,N,255219099,3/10/1985,21/03/2008,11F3,USAF
203,,BURNS,PATRICIA,O,339170417,15/01/1992,2/7/2014,62E1S,USSF
712,,GARDNER,JOHN,P,408685499,27/04/1979,13/10/2001,17D1,USAF
389,,PAYNE,JENNIFER,Q,637963468,9/8/1994,25/01/2017,14N1,USAF
921,,PALMER,MICHAEL,R,478059393,21/11/1981,9/5/2003,62E1S,USAF
510,,STONE,LINDA,S,201370079,3/3/1992,19/08/2014,13S3,USSF
114,,NICHOLS,DAVID,T,585297835,15/06/1983,1/12/2005,21A1,USAF
815,,WARREN,ELIZABETH,U,885945645,27/09/1994,15/03/2017,32E1S,USAF
304,,STEWART,WILLIAM,V,715130685,9/1/1976,27/06/1998,13S1,USSF
927,,MORRISON,BARBARA,W,662343664,21/04/1987,7/10/2009,11M3,USAF
412,,SMITH,RICHARD,X,358633892,3/8/1982,20/01/2004,17S1,USAF
119,,JOHNSON,SUSAN,Y,84648302,15/11/1993,2/5/2015,5C0X1,USSF
890,,WILLIAMS,JOSEPH,Z,947193411,27/02/1980,15/08/2002,14N1,USAF
512,,BROWN,JESSICA,A,987589822,9/6/1991,25/11/2013,31P1,USAF
203,,JONES,THOMAS,B,055302750,21/09/1984,9/3/2007,63A1,USAF
712,,GARCIA,SARAH,C,417905929,3/1/1995,20/06/2017,17D1S,USSF
389,,MILLER,CHARLES,D,604189332,15/04/1978,1/10/2000,1A0X1,USAF
921,,DAVIS,KAREN,E,651887028,27/07/1989,12/1/2012,1C0X2,USAF
510,,RODRIGUEZ,CHRISTOPHER,F,805855029,8/11/1980,26/04/2002,13S1,USSF
114,,MARTINEZ,NANCY,G,345616199,20/02/1995,8/8/2017,3D0X2,USAF
815,,HERNANDEZ,DANIEL,H,653593773,4/6/1977,20/11/1999,11F3,USAF
304,,LOPEZ,LISA,I,247427684,16/09/1988,4/3/2011,62E1S,USSF
927,,GONZALEZ,MATTHEW,J,710585282,28/12/1981,15/06/2004,17D1,USAF
412,,WILSON,BETTY,K,954955778,11/4/1993,27/09/2015,14N1,USAF
119,,ANDERSON,ANTHONY,L,419944853,23/07/1979,8/1/2002,62E1S,USAF
890,,THOMAS,MARGARET,M,25221959,4/11/1990,21/04/2013,13S3,USSF
512,,TAYLOR,MARK,N,590841292,16/02/1985,4/8/2007,21A1,USAF
203,,MOORE,SANDRA,O,449762478,28/05/1991,13/11/2013,32E1S,USAF
712,,JACKSON,DONALD,P,112774628,9/9/1976,25/02/1999,13S1,USSF
389,,MARTIN,ASHLEY,Q,094112733,21/12/1987,8/6/2010,11M3,USAF
921,,LEE,PAUL,R,217657580,3/4/1982,19/09/2004,17S1,USAF
510,,PEREZ,KIMBERLY,S,430380622,15/07/1993,31/12/2015,5C0X1,USSF
114,,THOMPSON,STEVEN,T,044229741,27/10/1978,14/04/2001,14N1,USAF
815,,WHITE,DONNA,U,864528135,8/2/1989,26/07/2011,31P1,USAF
304,,HARRIS,ANDREW,V,294646480,20/05/1983,5/11/2005,63A1,USAF
927,,SANCHEZ,EMILY,W,152654263,1/9/1994,17/02/2017,17D1S,USSF
412,,CLARK,KENNETH,X,644368015,13/12/1975,30/05/1998,1A0X1,USAF
119,,RAMIREZ,MICHELLE,Y,471916956,25/03/1987,10/9/2009,1C0X2,USAF
890,,LEWIS,JOSHUA,Z,90325915,6/7/1981,22/12/2003,13S1,USSF
512,,ROBINSON,CAROL,A,036501596,18/10/1992,5/4/2015,3D0X2,USAF
203,,WALKER,KEVIN,B,670954072,30/01/1986,18/07/2008,11F3,USAF
712,,YOUNG,AMANDA,C,257349281,11/5/1991,27/10/2013,62E1S,USSF
389,,ALLEN,BRIAN,D,001050410,23/08/1977,8/2/2000,17D1,USAF
921,,KING,MELISSA,E,477169281,4/12/1988,22/05/2011,14N1,USAF
510,,WRIGHT,GEORGE,F,107874147,16/03/1983,1/9/2005,62E1S,USAF
114,,SCOTT,DEBORAH,G,859211076,28/06/1994,13/12/2016,13S3,USSF
815,,TORRES,EDWARD,H,519653855,9/10/1975,27/03/1998,21A1,USAF
304,,NGUYEN,STEPHANIE,I,997483946,21/01/1989,9/7/2011,32E1S,USAF
927,,HILL,RONALD,J,717141031,3/5/1980,19/10/2002,13S1,USSF
412,,FLORES,REBECCA,K,948917436,15/08/1991,1/2/2014,11M3,USAF
119,,GREEN,TIMOTHY,L,963149765,27/11/1985,15/05/2008,17S1,USAF
890,,ADAMS,SHARON,M,719588629,9/3/1979,25/08/2001,5C0X1,USSF
512,,NELSON,JASON,N,901564507,21/06/1990,7/12/2012,14N1,USAF
203,,BAKER,LAURA,O,346809442,3/10/1981,20/03/2004,31P1,USAF
712,,HALL,JEFFREY,P,683676991,15/01/1992,2/7/2014,63A1,USAF
389,,RIVERA,CYNTHIA,Q,364997163,27/04/1983,13/10/2005,17D1S,USSF
921,,CAMPBELL,RYAN,R,035673401,9/8/1994,25/01/2017,1A0X1,USAF
510,,MITCHELL,KATHLEEN,S,069018894,21/11/1978,9/5/2001,1C0X2,USAF
114,,CARTER,JACOB,T,916107977,3/3/1989,19/08/2011,13S1,USSF
815,,ROBERTS,AMY,U,976681905,15/06/1980,1/12/2002,3D0X2,USAF
304,,GOMEZ,GARY,V,563181291,27/09/1991,15/03/2014,11F3,USAF
927,,PHILLIPS,SHIRLEY,W,529564650,9/1/1986,27/06/2008,62E1S,USSF
412,,EVANS,NICHOLAS,X,958064078,21/04/1977,7/10/1999,17D1,USAF
119,,DIAZ,ANGELA,Y,233160442,3/8/1988,20/01/2011,14N1,USAF
890,,HOWARD,ERIC,Z,377221380,15/11/1982,2/5/2005,62E1S,USAF
512,,WEST,HELEN,A,539198927,27/02/1993,15/08/2015,13S3,USSF
203,,JORDAN,JONATHAN,B,358466311,9/6/1984,25/11/2006,21A1,USAF
712,,OWENS,ANNA,C,484746075,21/09/1975,9/3/1998,32E1S,USAF
389,,REYNOLDS,STEPHEN,D,384606663,3/1/1986,20/06/2008,13S1,USSF
921,,FISHER,BRENDA,E,182140192,15/04/1991,1/10/2013,11M3,USAF
510,,ELLIS,LARRY,F,987565641,27/07/1982,12/1/2005,17S1,USAF
114,,HARRISON,PAMELA,G,356303405,8/11/1993,25/04/2016,5C0X1,USSF
815,,GIBSON,JUSTIN,H,033283869,20/02/1980,7/8/2002,14N1,USAF
304,,MCDONALD,NICOLE,I,233478457,4/6/1991,20/11/2013,31P1,USAF
927,,CRUZ,BENJAMIN,J,984381120,16/09/1976,3/3/1999,63A1,USAF
412,,MARSHALL,SAMANTHA,K,25286518,28/12/1987,15/06/2010,17D1S,USSF
119,,ORTIZ,SAMUEL,L,041038545,11/4/1982,27/09/2004,1A0X1,USAF
890,,MURRAY,KATHERINE,M,480383366,23/07/1993,8/1/2016,1C0X2,USAF
512,,FREEMAN,GREGORY,N,911114344,4/11/1984,21/04/2007,13S1,USSF
203,,WELLS,EMMA,O,554009786,16/02/1995,4/8/2017,3D0X2,USAF
712,,WEBB,ALEXANDER,P,754070868,28/05/1979,13/11/2001,11F3,USAF
389,,SIMPSON,RUTH,Q,316074531,9/9/1990,25/02/2013,62E1S,USSF
921,,STEVENS,FRANK,R,986172763,21/12/1981,8/6/2004,17D1,USAF
510,,TUCKER,CHRISTINE,S,978328025,3/4/1992,19/09/2014,14N1,USAF
114,,PORTER,PATRICK,T,028115339,15/07/1983,1/1/2006,62E1S,USAF
815,,HUNTER,DEBRA,H,324539343,27/10/1994,14/04/2017,13S3,USSF
304,,HICKS,RAYMOND,I,682118690,8/2/1985,26/07/2007,21A1,USAF
927,,CRAWFORD,RACHEL,J,895388938,20/05/1991,5/11/2013,32E1S,USAF
412,,BOYD,JACK,K,452215709,1/9/1976,18/02/1999,13S1,USSF
119,,MASON,CAROLYN,L,089172097,13/12/1987,30/05/2010,11M3,USAF
890,,BURNS,DENNIS,M,863414166,25/03/1982,10/9/2004,17S1,USAF
512,,GARDNER,JANET,N,191665587,6/7/1993,22/12/2015,5C0X1,USSF
203,,PAYNE,JERRY,O,928525704,18/10/1984,5/4/2007,14N1,USAF
712,,PALMER,MARIA,P,965612674,30/01/1995,18/07/2017,31P1,USAF
389,,STONE,TYLER,Q,995892058,11/5/1979,27/10/2001,63A1,USAF
921,,NICHOLS,HEATHER,R,123443747,23/08/1990,8/2/2013,17D1S,USSF
510,,WARREN,AARON,S,722632910,4/12/1981,22/05/2004,1A0X1,USAF
114,,STEWART,HELENA,T,015633848,16/03/1992,1/9/2014,1C0X2,USAF
815,,MORRISON,JAMES,U,34279277,28/06/1983,14/12/2005,13S1,USSF
304,,SMITH,MARY,V,868084438,9/10/1994,27/03/2017,3D0X2,USAF
927,,JOHNSON,ROBERT,W,498501394,21/01/1977,9/7/1999,11F3,USAF
412,,WILLIAMS,PATRICIA,X,274391757,3/5/1988,19/10/2010,62E1S,USSF
119,,BROWN,JOHN,Y,884560253,15/08/1982,1/2/2005,17D1,USAF
890,,JONES,JENNIFER,Z,700227335,27/11/1993,15/05/2016,14N1,USAF
512,,GARCIA,MICHAEL,A,444639745,9/3/1980,25/08/2002,62E1S,USAF
203,,MILLER,LINDA,B,30291865,21/06/1991,7/12/2013,13S3,USSF
712,,DAVIS,DAVID,C,559702594,3/10/1985,21/03/2008,21A1,USAF
389,,RODRIGUEZ,ELIZABETH,D,755879514,15/01/1992,2/7/2014,32E1S,USAF
921,,MARTINEZ,WILLIAM,E,591369516,27/04/1979,13/10/2001,13S1,USSF
510,,HERNANDEZ,BARBARA,F,232357327,9/8/1994,25/01/2017,11M3,USAF
114,,LOPEZ,RICHARD,G,510962134,21/11/1981,9/5/2003,17S1,USAF
815,,GONZALEZ,SUSAN,H,706960201,3/3/1992,19/08/2014,5C0X1,USSF
304,,WILSON,JOSEPH,I,841345918,15/06/1983,1/12/2005,14N1,USAF
927,,ANDERSON,JESSICA,J,672621781,27/09/1994,15/03/2017,31P1,USAF
412,,THOMAS,THOMAS,K,936937414,9/1/1976,27/06/1998,63A1,USAF
119,,TAYLOR,SARAH,L,302020050,21/04/1987,7/10/2009,17D1S,USSF
890,,MOORE,CHARLES,M,360904334,3/8/1982,20/01/2004,1A0X1,USAF
512,,JACKSON,KAREN,N,239701085,15/11/1993,2/5/2015,1C0X2,USAF
203,,MARTIN,CHRISTOPHER,O,746074410,27/02/1980,15/08/2002,13S1,USSF
712,,LEE,NANCY,P,828785903,9/6/1991,25/11/2013,3D0X2,USAF
389,,PEREZ,DANIEL,Q,238717466,21/09/1984,9/3/2007,11F3,USAF
921,,THOMPSON,LISA,R,121426514,3/1/1995,20/06/2017,62E1S,USSF
510,,WHITE,MATTHEW,S,527280109,15/04/1978,1/10/2000,17D1,USAF
114,,HARRIS,BETTY,T,139921833,27/07/1989,12/1/2012,14N1,USAF
815,,SANCHEZ,ANTHONY,U,208826049,8/11/1980,26/04/2002,62E1S,USAF
304,,CLARK,MARGARET,V,273387219,20/02/1995,8/8/2017,13S3,USSF
927,,RAMIREZ,MARK,W,755389690,4/6/1977,20/11/1999,21A1,USAF
412,,LEWIS,SANDRA,X,135567707,16/09/1988,4/3/2011,32E1S,USAF
119,,ROBINSON,DONALD,Y,210819545,28/12/1981,15/06/2004,13S1,USSF
890,,WALKER,ASHLEY,Z,629709491,11/4/1993,27/09/2015,11M3,USAF
512,,YOUNG,PAUL,A,060735570,23/07/1979,8/1/2002,17S1,USAF
203,,ALLEN,KIMBERLY,B,928053838,4/11/1990,21/04/2013,5C0X1,USSF
712,,KING,STEVEN,C,519895998,16/02/1985,4/8/2007,14N1,USAF
389,,WRIGHT,DONNA,D,322545395,28/05/1991,13/11/2013,31P1,USAF
921,,SCOTT,ANDREW,E,291408299,9/9/1976,25/02/1999,63A1,USAF
510,,TORRES,EMILY,F,253451830,21/12/1987,8/6/2010,17D1S,USSF
114,,NGUYEN,KENNETH,G,097408743,3/4/1982,19/09/2004,1A0X1,USAF
815,,HILL,MICHELLE,H,612689592,15/07/1993,31/12/2015,1C0X2,USAF
304,,FLORES,JOSHUA,I,369032790,27/10/1978,14/04/2001,13S1,USSF
927,,GREEN,CAROL,J,308331154,8/2/1989,26/07/2011,3D0X2,USAF
412,,ADAMS,KEVIN,K,962795549,20/05/1983,5/11/2005,11F3,USAF
119,,NELSON,AMANDA,L,869496888,1/9/1994,17/02/2017,62E1S,USSF
890,,BAKER,BRIAN,M,422031287,13/12/1975,30/05/1998,17D1,USAF
512,,HALL,MELISSA,N,326466823,25/03/1987,10/9/2009,14N1,USAF
203,,RIVERA,GEORGE,O,210810016,6/7/1981,22/12/2003,62E1S,USAF
712,,CAMPBELL,DEBORAH,P,336318805,18/10/1992,5/4/2015,13S3,USSF
389,,MITCHELL,EDWARD,Q,286518604,30/01/1986,18/07/2008,21A1,USAF
921,,CARTER,STEPHANIE,R,745889805,11/5/1991,27/10/2013,32E1S,USAF
510,,ROBERTS,RONALD,S,682186861,23/08/1977,8/2/2000,13S1,USSF
114,,GOMEZ,REBECCA,T,477253139,4/12/1988,22/05/2011,11M3,USAF
815,,PHILLIPS,TIMOTHY,U,428347313,16/03/1983,1/9/2005,17S1,USAF
304,,EVANS,SHARON,V,757925982,28/06/1994,13/12/2016,5C0X1,USSF
927,,DIAZ,JASON,W,371842860,9/10/1975,27/03/1998,14N1,USAF
412,,HOWARD,LAURA,X,854817837,21/01/1989,9/7/2011,31P1,USAF
119,,WEST,JEFFREY,Y,246841261,3/5/1980,19/10/2002,63A1,USAF
890,,JORDAN,CYNTHIA,Z,596398178,15/08/1991,1/2/2014,17D1S,USSF
512,,OWENS,RYAN,A,612838187,27/11/1985,15/05/2008,1A0X1,USAF
203,,REYNOLDS,KATHLEEN,B,380384807,9/3/1979,25/08/2001,1C0X2,USAF
712,,FISHER,JACOB,C,864692955,21/06/1990,7/12/2012,13S1,USSF
389,,ELLIS,AMY,D,217986702,3/10/1981,20/03/2004,3D0X2,USAF
921,,HARRISON,GARY,E,025884014,15/01/1992,2/7/2014,11F3,USAF
510,,GIBSON,SHIRLEY,F,607110509,27/04/1983,13/10/2005,62E1S,USSF
114,,MCDONALD,NICHOLAS,G,592840904,9/8/1994,25/01/2017,17D1,USAF
815,,CRUZ,ANGELA,H,410429161,21/11/1978,9/5/2001,14N1,USAF
304,,MARSHALL,ERIC,I,460409039,3/3/1989,19/08/2011,62E1S,USAF
927,,ORTIZ,HELEN,J,596743044,15/06/1980,1/12/2002,13S3,USSF
412,,MURRAY,JONATHAN,K,177580255,27/09/1991,15/03/2014,21A1,USAF
119,,FREEMAN,ANNA,L,367006404,9/1/1986,27/06/2008,32E1S,USAF
890,,WELLS,STEPHEN,M,61893655,21/04/1977,7/10/1999,13S1,USSF
512,,WEBB,BRENDA,N,044874909,3/8/1988,20/01/2011,11M3,USAF
203,,SIMPSON,LARRY,O,484964200,15/11/1982,2/5/2005,17S1,USAF
712,,STEVENS,PAMELA,P,813238392,27/02/1993,15/08/2015,5C0X1,USSF
389,,TUCKER,JUSTIN,Q,774612480,9/6/1984,25/11/2006,14N1,USAF
921,,PORTER,NICOLE,R,682551445,21/09/1975,9/3/1998,31P1,USAF
510,,HUNTER,BENJAMIN,S,894866249,3/1/1986,20/06/2008,63A1,USAF
114,,HICKS,SAMANTHA,T,878371034,15/04/1991,1/10/2013,17D1S,USSF
815,,CRAWFORD,SAMUEL,U,170411781,27/07/1982,12/1/2005,1A0X1,USAF
304,,BOYD,KATHERINE,V,686445184,8/11/1993,25/04/2016,1C0X2,USAF
927,,MASON,GREGORY,W,452682847,20/02/1980,7/8/2002,13S1,USSF
412,,BURNS,EMMA,X,541189285,4/6/1991,20/11/2013,3D0X2,USAF
119,,GARDNER,ALEXANDER,Y,018606625,16/09/1976,3/3/1999,11F3,USAF
890,,PAYNE,RUTH,Z,701672478,28/12/1987,15/06/2010,62E1S,USSF
512,,PALMER,FRANK,A,862410401,11/4/1982,27/09/2004,17D1,USAF
203,,STONE,CHRISTINE,B,277840889,23/07/1993,8/1/2016,14N1,USAF
712,,NICHOLS,PATRICK,C,297930255,4/11/1984,21/04/2007,62E1S,USAF
389,,WARREN,DEBRA,D,571784223,16/02/1995,4/8/2017,13S3,USSF
921,,STEWART,RAYMOND,E,716708496,28/05/1979,13/11/2001,21A1,USAF
510,,MORRISON,RACHEL,F,401912334,9/9/1990,25/02/2013,32E1S,USAF
114,,SMITH,JACK,G,515383020,21/12/1981,8/6/2004,13S1,USSF
815,,JOHNSON,CAROLYN,H,988581034,3/4/1992,19/09/2014,11M3,USAF
304,,WILLIAMS,DENNIS,I,430672378,15/07/1983,1/1/2006,17S1,USAF
927,,BROWN,JANET,J,103643103,27/10/1994,14/04/2017,5C0X1,USSF
412,,JONES,JERRY,K,939270988,8/2/1985,26/07/2007,14N1,USAF
119,,GARCIA,MARIA,L,490218392,20/05/1991,5/11/2013,31P1,USAF
890,,MILLER,TYLER,M,143619763,1/9/1976,18/02/1999,63A1,USAF
512,,DAVIS,HEATHER,N,868732578,13/12/1987,30/05/2010,17D1S,USSF
203,,RODRIGUEZ,AARON,O,227566356,25/03/1982,10/9/2004,1A0X1,USAF
712,,MARTINEZ,HELENA,P,146484688,6/7/1993,22/12/2015,1C0X2,USAF
389,,HERNANDEZ,JAMES,Q,816037895,18/10/1984,5/4/2007,13S1,USSF
389,,HERNANDEZ,JAMES,Q,511338706,18/10/1984,5/4/2007,13S1,USSF
921,,LOPEZ,MARY,R,893362456,30/01/1995,18/07/2017,3D0X2,USAF
510,,GONZALEZ,ROBERT,S,111959194,11/5/1979,27/10/2001,11F3,USAF
114,,WILSON,PATRICIA,T,537886048,23/08/1990,8/2/2013,62E1S,USSF
815,,ANDERSON,JOHN,U,857219426,4/12/1981,22/05/2004,17D1,USAF
304,,THOMAS,JENNIFER,V,209818512,16/03/1992,1/9/2014,14N1,USAF
927,,TAYLOR,MICHAEL,W,921697729,28/06/1983,14/12/2005,62E1S,USAF
412,,MOORE,LINDA,X,793382471,9/10/1994,27/03/2017,13S3,USSF
119,,JACKSON,DAVID,Y,193069265,21/01/1977,9/7/1999,21A1,USAF
890,,MARTIN,ELIZABETH,Z,109845397,3/5/1988,19/10/2010,32E1S,USAF
512,,LEE,WILLIAM,A,885560269,15/08/1982,1/2/2005,13S1,USSF
203,,PEREZ,BARBARA,B,329940502,27/11/1993,15/05/2016,11M3,USAF
712,,THOMPSON,RICHARD,C,644276195,9/3/1980,25/08/2002,17S1,USAF
389,,WHITE,SUSAN,D,662917706,21/06/1991,7/12/2013,5C0X1,USSF
921,,HARRIS,JOSEPH,E,824690105,3/10/1985,21/03/2008,14N1,USAF
510,,SANCHEZ,JESSICA,F,505458441,15/01/1992,2/7/2014,31P1,USAF
114,,CLARK,THOMAS,G,900121690,27/04/1979,13/10/2001,63A1,USAF
815,,RAMIREZ,SARAH,H,757010467,9/8/1994,25/01/2017,17D1S,USSF
304,,LEWIS,CHARLES,I,673892675,21/11/1981,9/5/2003,1A0X1,USAF
927,,ROBINSON,KAREN,J,034205887,3/3/1992,19/08/2014,1C0X2,USAF
412,,WALKER,CHRISTOPHER,K,420675777,15/06/1983,1/12/2005,13S1,USSF
119,,YOUNG,NANCY,L,215707464,27/09/1994,15/03/2017,3D0X2,USAF
890,,ALLEN,DANIEL,M,966386214,9/1/1976,27/06/1998,11F3,USAF
512,,KING,LISA,N,967267467,21/04/1987,7/10/2009,62E1S,USSF
203,,WRIGHT,MATTHEW,O,406923339,3/8/1982,20/01/2004,17D1,USAF
712,,SCOTT,BETTY,P,762072996,15/11/1993,2/5/2015,14N1,USAF
389,,TORRES,ANTHONY,Q,820501659,27/02/1980,15/08/2002,62E1S,USAF
921,,NGUYEN,MARGARET,R,130476160,9/6/1991,25/11/2013,13S3,USSF
510,,HILL,MARK,S,953652473,21/09/1984,9/3/2007,21A1,USAF
114,,FLORES,SANDRA,T,410652096,3/1/1995,20/06/2017,32E1S,USAF
815,,GREEN,DONALD,U,826740397,15/04/1978,1/10/2000,13S1,USSF
304,,ADAMS,ASHLEY,V,308912771,27/07/1989,12/1/2012,11M3,USAF
927,,NELSON,PAUL,W,970600953,8/11/1980,26/04/2002,17S1,USAF
412,,BAKER,KIMBERLY,X,983120002,20/02/1995,8/8/2017,5C0X1,USSF
119,,HALL,STEVEN,Y,322198722,4/6/1977,20/11/1999,14N1,USAF
890,,RIVERA,DONNA,Z,975349917,16/09/1988,4/3/2011,31P1,USAF
512,,CAMPBELL,ANDREW,A,974474630,28/12/1981,15/06/2004,63A1,USAF
203,,MITCHELL,EMILY,B,692494260,11/4/1993,27/09/2015,17D1S,USSF
712,,CARTER,KENNETH,C,047113972,23/07/1979,8/1/2002,1A0X1,USAF
389,,ROBERTS,MICHELLE,D,023919696,4/11/1990,21/04/2013,1C0X2,USAF
921,,GOMEZ,JOSHUA,E,601094541,16/02/1985,4/8/2007,13S1,USSF
510,,PHILLIPS,CAROL,F,648306967,28/05/1991,13/11/2013,3D0X2,USAF
114,,EVANS,KEVIN,G,850211577,9/9/1976,25/02/1999,11F3,USAF
815,,DIAZ,AMANDA,H,999712695,21/12/1987,8/6/2010,62E1S,USSF
304,,HOWARD,BRIAN,I,536218693,3/4/1982,19/09/2004,17D1,USAF
927,,WEST,MELISSA,J,304503646,15/07/1993,31/12/2015,14N1,USAF
412,,JORDAN,GEORGE,K,708098148,27/10/1978,14/04/2001,62E1S,USAF
119,,OWENS,DEBORAH,L,166544496,8/2/1989,26/07/2011,13S3,USSF
890,,REYNOLDS,EDWARD,M,992795459,20/05/1983,5/11/2005,21A1,USAF
512,,FISHER,STEPHANIE,N,842560825,1/9/1994,17/02/2017,32E1S,USAF
203,,ELLIS,RONALD,O,842841550,13/12/1975,30/05/1998,13S1,USSF
712,,HARRISON,REBECCA,P,309257107,25/03/1987,10/9/2009,11M3,USAF
389,,GIBSON,TIMOTHY,Q,793443720,6/7/1981,22/12/2003,17S1,USAF
921,,MCDONALD,SHARON,R,821806409,18/10/1992,5/4/2015,5C0X1,USSF
510,,CRUZ,JASON,S,984630223,30/01/1986,18/07/2008,14N1,USAF
114,,MARSHALL,LAURA,T,491753781,11/5/1991,27/10/2013,31P1,USAF
815,,ORTIZ,JEFFREY,U,749371747,23/08/1977,8/2/2000,63A1,USAF
304,,MURRAY,CYNTHIA,V,408036915,4/12/1988,22/05/2011,17D1S,USSF
927,,FREEMAN,RYAN,W,609004531,16/03/1983,1/9/2005,1A0X1,USAF
412,,WELLS,KATHLEEN,X,535194023,28/06/1994,13/12/2016,1C0X2,USAF
119,,WEBB,JACOB,Y,985565192,9/10/1975,27/03/1998,13S1,USSF
890,,SIMPSON,AMY,Z,858700940,21/01/1989,9/7/2011,3D0X2,USAF
512,,STEVENS,GARY,A,913175923,3/5/1980,19/10/2002,11F3,USAF
203,,TUCKER,SHIRLEY,B,71830671,15/08/1991,1/2/2014,62E1S,USSF
712,,PORTER,NICHOLAS,C,180162403,27/11/1985,15/05/2008,17D1,USAF
389,,HUNTER,ANGELA,D,155819173,9/3/1979,25/08/2001,14N1,USAF
921,,HICKS,ERIC,E,510990703,21/06/1990,7/12/2012,62E1S,USAF
510,,CRAWFORD,HELEN,F,103931093,3/10/1981,20/03/2004,13S3,USSF
114,,BOYD,JONATHAN,G,264708442,15/01/1992,2/7/2014,21A1,USAF
815,,MASON,ANNA,H,657875913,27/04/1983,13/10/2005,32E1S,USAF
304,,BURNS,STEPHEN,I,111402702,9/8/1994,25/01/2017,13S1,USSF
927,,GARDNER,BRENDA,J,608155119,21/11/1978,9/5/2001,11M3,USAF
412,,PAYNE,LARRY,K,059248194,3/3/1989,19/08/2011,17S1,USAF
119,,PALMER,PAMELA,L,474694245,15/06/1980,1/12/2002,5C0X1,USSF
890,,STONE,JUSTIN,M,718093379,27/09/1991,15/03/2014,14N1,USAF
512,,NICHOLS,NICOLE,N,002597709,9/1/1986,27/06/2008,31P1,USAF
203,,WARREN,BENJAMIN,O,592835053,21/04/1977,7/10/1999,63A1,USAF
712,,STEWART,SAMANTHA,P,974487183,3/8/1988,20/01/2011,17D1S,USSF
389,,MORRISON,SAMUEL,Q,187893842,15/11/1982,2/5/2005,1A0X1,USAF
921,,SMITH,KATHERINE,R,399532493,27/02/1993,15/08/2015,1C0X2,USAF
510,,JOHNSON,GREGORY,S,827416722,9/6/1984,25/11/2006,13S1,USSF
114,,WILLIAMS,EMMA,T,573305652,21/09/1975,9/3/1998,3D0X2,USAF
815,,BROWN,ALEXANDER,U,453553651,3/1/1986,20/06/2008,11F3,USAF
304,,JONES,RUTH,V,847584884,15/04/1991,1/10/2013,62E1S,USSF
927,,GARCIA,FRANK,W,288730539,27/07/1982,12/1/2005,17D1,USAF
412,,MILLER,CHRISTINE,X,879945276,8/11/1993,25/04/2016,14N1,USAF
119,,DAVIS,PATRICK,Y,093811001,20/02/1980,7/8/2002,62E1S,USAF
890,,RODRIGUEZ,DEBRA,Z,342773712,4/6/1991,20/11/2013,13S3,USSF
512,,MARTINEZ,RAYMOND,A,636608074,16/09/1976,3/3/1999,21A1,USAF
203,,HERNANDEZ,RACHEL,B,617180727,28/12/1987,15/06/2010,32E1S,USAF
712,,LOPEZ,JACK,C,906895103,11/4/1982,27/09/2004,13S1,USSF
389,,GONZALEZ,CAROLYN,D,157001288,23/07/1993,8/1/2016,11M3,USAF
921,,WILSON,DENNIS,E,081117878,4/11/1984,21/04/2007,17S1,USAF
510,,ANDERSON,JANET,F,985181730,16/02/1995,4/8/2017,5C0X1,USSF
114,,THOMAS,JERRY,G,833658682,28/05/1979,13/11/2001,14N1,USAF
815,,TAYLOR,MARIA,H,105475181,9/9/1990,25/02/2013,31P1,USAF
304,,MOORE,TYLER,I,436409347,21/12/1981,8/6/2004,63A1,USAF
927,,JACKSON,HEATHER,J,747968791,3/4/1992,19/09/2014,17D1S,USSF
412,,MARTIN,AARON,K,404042157,15/07/1983,1/1/2006,1A0X1,USAF
119,,LEE,HELENA,L,399789511,27/10/1994,14/04/2017,1C0X2,USAF
890,,PEREZ,JAMES,M,346561398,8/2/1985,26/07/2007,13S1,USSF
512,,THOMPSON,MARY,N,661957155,20/05/1991,5/11/2013,3D0X2,USAF
203,,WHITE,ROBERT,O,552820319,1/9/1976,18/02/1999,11F3,USAF
712,,HARRIS,PATRICIA,P,878697633,13/12/1987,30/05/2010,62E1S,USSF
389,,SANCHEZ,JOHN,Q,843820668,25/03/1982,10/9/2004,17D1,USAF
921,,CLARK,JENNIFER,R,473366078,6/7/1993,22/12/2015,14N1,USAF
510,,RAMIREZ,MICHAEL,S,695229809,18/10/1984,5/4/2007,62E1S,USAF
114,,LEWIS,LINDA,T,856457938,30/01/1995,18/07/2017,13S3,USSF
815,,ROBINSON,DAVID,U,446310639,11/5/1979,27/10/2001,21A1,USAF
304,,WALKER,ELIZABETH,V,765071090,23/08/1990,8/2/2013,32E1S,USAF
927,,YOUNG,WILLIAM,W,585731111,4/12/1981,22/05/2004,13S1,USSF
412,,ALLEN,BARBARA,X,947516809,16/03/1992,1/9/2014,11M3,USAF
119,,KING,RICHARD,Y,094841866,28/06/1983,14/12/2005,17S1,USAF
890,,WRIGHT,SUSAN,Z,603662268,9/10/1994,27/03/2017,5C0X1,USSF
512,,SCOTT,JOSEPH,A,903239685,21/01/1977,9/7/1999,14N1,USAF
203,,TORRES,JESSICA,B,663913812,3/5/1988,19/10/2010,31P1,USAF
712,,NGUYEN,THOMAS,C,156021256,15/08/1982,1/2/2005,63A1,USAF
389,,HILL,SARAH,D,420406036,27/11/1993,15/05/2016,17D1S,USSF
921,,FLORES,CHARLES,E,134814909,9/3/1980,25/08/2002,1A0X1,USAF
510,,GREEN,KAREN,F,616115856,21/06/1991,7/12/2013,1C0X2,USAF
114,,ADAMS,CHRISTOPHER,G,237004954,3/10/1985,21/03/2008,13S1,USSF
815,,NELSON,NANCY,H,786721198,15/01/1992,2/7/2014,3D0X2,USAF
304,,BAKER,DANIEL,I,196540300,27/04/1979,13/10/2001,11F3,USAF
927,,HALL,LISA,J,810357560,9/8/1994,25/01/2017,62E1S,USSF
412,,RIVERA,MATTHEW,K,436180214,21/11/1981,9/5/2003,17D1,USAF
119,,CAMPBELL,BETTY,L,356935641,3/3/1992,19/08/2014,14N1,USAF
890,,MITCHELL,ANTHONY,M,381713663,15/06/1983,1/12/2005,62E1S,USAF
512,,CARTER,MARGARET,N,938162419,27/09/1994,15/03/2017,13S3,USSF
203,,ROBERTS,MARK,O,263447534,9/1/1976,27/06/1998,21A1,USAF
712,,GOMEZ,SANDRA,P,738837129,21/04/1987,7/10/2009,32E1S,USAF
389,,PHILLIPS,DONALD,Q,655898221,3/8/1982,20/01/2004,13S1,USSF
921,,EVANS,ASHLEY,R,054373811,15/11/1993,2/5/2015,11M3,USAF
510,,DIAZ,PAUL,S,702809543,27/02/1980,15/08/2002,17S1,USAF
114,,HOWARD,KIMBERLY,T,153766456,9/6/1991,25/11/2013,5C0X1,USSF
815,,WEST,STEVEN,U,074735169,21/09/1984,9/3/2007,14N1,USAF
304,,JORDAN,DONNA,V,443506135,3/1/1995,20/06/2017,31P1,USAF
927,,OWENS,ANDREW,W,655264829,15/04/1978,1/10/2000,63A1,USAF
412,,REYNOLDS,EMILY,X,673908171,27/07/1989,12/1/2012,17D1S,USSF
119,,FISHER,KENNETH,Y,845718928,8/11/1980,26/04/2002,1A0X1,USAF
890,,ELLIS,MICHELLE,Z,347560721,20/02/1995,8/8/2017,1C0X2,USAF
512,,HARRISON,JOSHUA,A,687048478,4/6/1986,20/11/2008,13S1,USSF
203,,GIBSON,CAROL,B,759895441,16/09/1977,4/3/2000,3D0X2,USAF
712,,MCDONALD,KEVIN,C,211088962,28/12/1992,15/06/2014,11F3,USAF
389,,CRUZ,AMANDA,D,379463946,11/4/1983,27/09/2005,62E1S,USSF
921,,MARSHALL,BRIAN,E,094483301,23/07/1994,8/1/2017,17D1,USAF
510,,ORTIZ,MELISSA,F,821761446,4/11/1979,21/04/2001,14N1,USAF
114,,MURRAY,GEORGE,G,863763599,16/02/1990,4/8/2012,62E1S,USAF
815,,FREEMAN,DEBORAH,H,410644613,28/05/1981,13/11/2003,13S3,USSF
304,,WELLS,EDWARD,I,961040669,9/9/1992,25/02/2015,21A1,USAF
927,,WEBB,STEPHANIE,J,512716668,21/12/1983,8/6/2006,32E1S,USAF
412,,SIMPSON,RONALD,K,294525201,3/4/1995,19/09/2017,13S1,USSF
119,,STEVENS,REBECCA,L,859454146,15/07/1976,31/12/1998,11M3,USAF
890,,TUCKER,TIMOTHY,M,888883963,27/10/1987,14/04/2010,17S1,USAF
512,,PORTER,SHARON,N,446671233,8/2/1994,26/07/2016,5C0X1,USSF
203,,HUNTER,JASON,O,333438122,20/05/1975,5/11/1997,14N1,USAF
712,,HICKS,LAURA,P,506390635,1/9/1986,17/02/2009,31P1,USAF
389,,CRAWFORD,JEFFREY,Q,995348903,13/12/1991,30/05/2013,63A1,USAF
921,,BOYD,CYNTHIA,R,228073977,25/03/1982,10/9/2004,17D1S,USSF
510,,MASON,RYAN,S,825175050,6/7/1993,22/12/2015,1A0X1,USAF
